prompt_id,prompt_text,category,complexity
1,"A gentle stream flowing over smooth rocks in a forest",nature,medium
2,"Bustling city street with car horns and people talking",urban,high
3,"Rain pattering on a tin roof during a thunderstorm",weather,medium
4,"Crackling campfire with occasional pops and hisses",nature,low
5,"Wind chimes swaying in a light breeze on a porch",ambient,low
6,"Waves crashing on a rocky shoreline at sunset",nature,medium
7,"Orchestra warming up before a classical concert",music,high
8,"Children playing in a playground with laughter and shouts",human,medium
9,"Creaking floorboards in an old abandoned house",horror,medium
10,"Helicopter flying overhead gradually fading into distance",mechanical,medium
11,"Birds chirping in a spring morning garden",nature,medium
12,"Coffee shop ambience with quiet conversations and espresso machine",social,medium
13,"Typewriter keys clacking rapidly with occasional bell ring",mechanical,medium
14,"Thunder rumbling in the distance, slowly approaching",weather,medium
15,"Cat purring while sleeping on a windowsill",animals,low
16,"Sand crunching underfoot on a desert walk",nature,low
17,"Wind howling through a narrow mountain pass",weather,medium
18,"Submarine sonar pings in deep ocean waters",mechanical,medium
19,"Pages of a book being slowly turned in a quiet library",ambient,low
20,"Stadium crowd cheering after a goal or touchdown",social,high
21,"Glass breaking as it hits a hard floor",effects,low
22,"Grandfather clock ticking and chiming at midnight",mechanical,medium
23,"Rain forest ambience with exotic bird calls and insects",nature,high
24,"Busy restaurant with dishes clattering and background chatter",social,high
25,"Horse galloping across an open field",animals,medium
26,"Spaceship engine humming at a constant frequency",sci-fi,medium
27,"Train passing by with whistle blowing",transportation,medium
28,"Saxophone solo in a smoky jazz club",music,medium
29,"Whispering voices in an empty corridor",horror,medium
30,"Crackling radio static with occasional voice fragments",communication,medium
31,"Bubbling brook with birds singing in background",nature,medium
32,"Whale song echoing through ocean depths",animals,medium
33,"Laser gun battle with energy weapons firing",sci-fi,high
34,"Heartbeat monitor beeping steadily in hospital room",medical,low
35,"Creaky wooden ship rocking on gentle waves",historical,medium
36,"Howling wolf in a moonlit forest",animals,medium
37,"Typing on a mechanical keyboard with clicky switches",technology,low
38,"Old vinyl record with crackling and pops",vintage,low
39,"Sizzling food on a hot grill or pan",cooking,low
40,"Church bells ringing in a distant village",cultural,medium
41,"Morning alarm clock ringing persistently",everyday,low
42,"Helicopter blades whirring during takeoff",transportation,medium
43,"Ice cream truck melody playing down a suburban street",nostalgic,medium
44,"Wind rustling through autumn leaves",nature,medium
45,"Footsteps running on concrete in the rain",action,medium
46,"Computer server room with multiple fans humming",technology,medium
47,"Gentle rainfall on a tent in the wilderness",nature,medium
48,"Airport terminal announcements and distant conversations",travel,high
49,"Medieval battle with sword clangs and shield impacts",historical,high
50,"Haunting theremin music in an empty ballroom",eerie,medium
51,"Robot servos and mechanical movements",sci-fi,medium
52,"Propeller airplane engine starting and accelerating",transportation,medium
53,"Thunderous applause in a concert hall",social,medium
54,"Bowling ball hitting pins in a bowling alley",sports,medium
55,"Squeaky door slowly opening in a dark house",horror,low
56,"Dial-up internet connection sounds",nostalgic,medium
57,"Crowded swimming pool with splashing and laughter",social,medium
58,"Antique music box playing a lullaby",vintage,medium
59,"Chainsaw cutting through wood",tools,medium
60,"Motorcycle engine revving loudly",transportation,medium
61,"Blender mixing a smoothie on high speed",everyday,low
62,"Bamboo wind chimes in a Japanese garden",cultural,low
63,"Ping pong ball bouncing on a table",sports,low
64,"Howling blizzard with intense wind",weather,medium
65,"Crackling campfire with people quietly talking",social,medium
66,"Distant foghorn on a misty ocean",nautical,medium
67,"Cicadas chirping on a hot summer evening",nature,medium
68,"Arcade game sounds from the 1980s",nostalgic,medium
69,"Babbling brook with frogs croaking",nature,medium
70,"Wind through pine trees in a mountain forest",nature,medium
71,"Medieval tavern with music and chatter",historical,high
72,"Industrial factory with machinery humming",industrial,high
73,"Slow dripping water in a cave",nature,low
74,"Clock tower striking twelve at midnight",ambient,medium
75,"Busy hospital emergency room ambience",medical,high
76,"Dog barking excitedly as someone arrives home",animals,low
77,"Soothing meditation bowl being struck",spiritual,low
78,"Giant creature stomping through a forest",fantasy,medium
79,"Grandfather telling a bedtime story",human,medium
80,"Fireworks exploding in the distance",celebration,medium
81,"Windshield wipers squeaking on rainy drive",transportation,low
82,"Bustling farmers market with vendors calling out",social,high
83,"Old film projector clicking and whirring",vintage,medium
84,"Bees buzzing around a flowering garden",nature,medium
85,"Alien spacecraft landing with strange emissions",sci-fi,high
86,"School bell ringing and hallway commotion",everyday,medium
87,"Peaceful night crickets and occasional owl hoots",nature,medium
88,"Casino slot machines dinging and paying out coins",entertainment,high
89,"Footsteps crunching through fresh snow",weather,low
90,"Microwave oven humming and beeping",everyday,low
91,"Distant thunder during a gentle rain shower",weather,medium
92,"Creaking rocking chair on an old porch",nostalgic,low
93,"Church organ playing a somber hymn",spiritual,medium
94,"Crackling bonfire with people singing folk songs",social,medium
95,"Seagulls calling over a harbor with boat bells",nautical,medium
96,"Horse-drawn carriage on cobblestone streets",historical,medium
97,"Car driving through puddles after rainfall",transportation,medium
98,"Old grandfather clock ticking in a quiet room",vintage,low
99,"Windshield wipers on high during heavy rain",transportation,medium
100,"Glass wind chimes tinkling in a soft breeze",ambient,low
101,"Bubbling cauldron in a witch's cabin",fantasy,medium
102,"Peaceful country morning with roosters crowing",rural,medium
103,"Steel drums playing a Caribbean melody",music,medium
104,"Water dripping in an echoing cavern",nature,medium
105,"Fast-paced typing on a laptop keyboard",technology,low
106,"Crackling of a vintage vinyl record before music",vintage,low
107,"Baby laughing and cooing happily",human,low
108,"Marching band practicing in a distant field",music,high
109,"Intense thunderstorm with close lightning strikes",weather,high
110,"Construction site with jackhammers and machinery",industrial,high
111,"Bowling ball rolling down lane and hitting pins",sports,medium
112,"Gentle night rain with frogs croaking",nature,medium
113,"Tennis match with grunts and ball hits",sports,medium
114,"Dinner party with clinking glasses and chatter",social,medium
115,"Chalk writing on an old blackboard",nostalgic,low
116,"Summer picnic with distant laughter and breeze",social,medium
117,"Old western saloon with piano and boot steps",historical,medium
118,"Skateboarder riding on concrete with jumps",sports,medium
119,"Medieval blacksmith hammering hot metal",historical,medium
120,"Dog panting after playing fetch in a park",animals,low
121,"Scuba diving with breathing apparatus bubbles",adventure,medium
122,"Winter night with wind whistling through trees",weather,medium
123,"Distant train whistle across open countryside",transportation,medium
124,"Automatic sprinklers starting in a garden",everyday,low
125,"Phone ringing in an empty office",ambient,low
126,"Retro video game sounds from an arcade",nostalgic,medium
127,"Clocks ticking at different tempos in a clock shop",ambient,medium
128,"Heavy rain hitting a canvas tent",weather,medium
129,"Orchestra tuning before a performance",music,high
130,"Autumn leaves crunching underfoot",nature,low
131,"Old cash register opening with bell ring",vintage,low
132,"Elevator doors opening and closing with ding",everyday,low
133,"Bacon sizzling in a frying pan",cooking,low
134,"Cricket match with bat hits and crowd reactions",sports,medium
135,"Whale breaching the ocean surface with splash",animals,medium
136,"Space station ambient humming and beeps",sci-fi,medium
137,"Children playing in snow with laughter",human,medium
138,"Bagpipes playing a traditional Scottish tune",cultural,medium
139,"Ballroom dance with orchestra and footsteps",social,high
140,"Heartbeat gradually increasing in pace",medical,low
141,"Wolves howling in a moonlit forest",animals,medium
142,"Summer rainstorm approaching with distant thunder",weather,medium
143,"Monastery bells calling for prayer",spiritual,medium
144,"Crystal glasses clinking in a toast",celebration,low
145,"Tennis ball machine firing balls repeatedly",sports,medium
146,"Vinyl record needle drop with initial crackle",vintage,low
147,"Old steam locomotive chugging and whistling",transportation,medium
148,"Whispering wind through tall grass prairie",nature,medium
149,"Fox hunt with horns and galloping horses",historical,high
150,"Cat meowing for attention or food",animals,low
151,"Electric bass guitar playing a funky riff",music,medium
152,"Walking through deep snow with squeaky footsteps",weather,low
153,"Sci-fi computer terminal with typing and beeps",sci-fi,medium
154,"Quill pen scratching on parchment",historical,low
155,"Distant siren gradually getting closer",emergency,medium
156,"Office environment with typing and phone calls",workplace,medium
157,"Fantasy tavern with bards playing and patrons talking",fantasy,high
158,"Ice cracking on a frozen lake",nature,medium
159,"Small stream bubbling over rocks in a meadow",nature,medium
160,"Basketball bouncing on court with squeaking shoes",sports,medium
161,"Gentle ocean waves at night with distant lighthouse foghorn",nautical,medium
162,"Crackling campfire with storyteller speaking softly",social,medium
163,"Medieval jousting tournament with crowd cheers",historical,high
164,"Purring cat sleeping on a windowsill during rain",animals,medium
165,"Desert wind blowing sand against tent canvas",nature,medium
166,"Chopping vegetables on a wooden cutting board",cooking,low
167,"Carousel music at an amusement park",entertainment,medium
168,"Retro pinball machine with flippers and bells",nostalgic,medium
169,"Whispering voices in an ancient tomb",horror,medium
170,"Horse-drawn sleigh with bells in snow",historical,medium
171,"Group meditation with synchronized breathing",spiritual,medium
172,"Old movie projector clicking with film soundtrack",vintage,medium
173,"Gentle wind through bamboo forest",nature,medium
174,"Electric guitar amplifier feedback and distortion",music,medium
175,"Snowy night with distant wolf howls",nature,medium
176,"Analog synthesizer creating ambient soundscape",electronic,medium
177,"Morning birds at dawn in springtime",nature,medium
178,"Helicopter search and rescue operation",emergency,high
179,"Pool balls colliding during a game",sports,medium
180,"Vintage radio tuning between stations",vintage,medium
181,"Rain hitting large tropical leaves in jungle",nature,medium
182,"Sharpening a knife on a whetstone",everyday,low
183,"Child splashing in puddles with rubber boots",human,low
184,"Busy shopping mall during holiday season",social,high
185,"Sailboat with flapping sails and water against hull",nautical,medium
186,"Haunted mansion with creaking floors and distant moans",horror,medium
187,"Analog alarm clock ticking and ringing",everyday,low
188,"Cat purring while kneading a soft blanket",animals,low
189,"Rustling paper as pages turn in book",ambient,low
190,"Busy highway traffic from distance",urban,medium
191,"Blacksmith hammering red-hot metal on anvil",historical,medium
192,"Crackling electricity in a mad scientist lab",sci-fi,medium
193,"Horse trotting on cobblestone street",historical,medium
194,"Rowdy sports bar during a big game",social,high
195,"Children opening presents with excitement",celebration,medium
196,"Freight train passing by with horn blasts",transportation,medium
197,"Footsteps on gravel path in quiet garden",ambient,low
198,"Roller coaster with screams and mechanical sounds",entertainment,high
199,"Windmill creaking as blades turn in strong wind",rural,medium
200,"Old western town with distant piano music",historical,medium
201,"Ambient hum of a submarine interior",transportation,medium
202,"Cuckoo clock striking the hour",vintage,medium
203,"Soccer match with referee whistle and crowd",sports,high
204,"Wind howling through abandoned building",horror,medium
205,"Busy restaurant kitchen during service",workplace,high
206,"Forest creatures at night with owl hoots",nature,medium
207,"Orchestra performing classical symphony",music,high
208,"Pouring rain on a car roof while driving",weather,medium
209,"Traditional Native American drum circle",cultural,medium
210,"Old phonograph playing scratchy jazz record",vintage,medium
211,"Rocket countdown and powerful launch",sci-fi,high
212,"Monks chanting in a stone monastery",spiritual,medium
213,"Crackling campfire with ghost stories",horror,medium
214,"Dinner table conversation with family",social,medium
215,"Bicycle bell ringing on busy bike path",transportation,low
216,"Water boiling in a kettle whistling",everyday,low
217,"Rhythmic printing press in operation",industrial,medium
218,"Mountain stream with occasional fish jumps",nature,medium
219,"Playground swings creaking back and forth",nostalgic,low
220,"Typing on old mechanical typewriter",vintage,medium
221,"Ice skates carving across frozen pond",sports,medium
222,"Blacksmith hammering and quenching hot metal",historical,medium
223,"Baby giggling during peek-a-boo game",human,low
224,"Geese honking as they fly overhead",animals,medium
225,"Old film projector running in cinema",vintage,medium
226,"Cave with water droplets and distant echoes",nature,medium
227,"Cash register drawer opening with bell",vintage,low
228,"Ancient temple with wind through stone corridors",historical,medium
229,"Helicopter hovering overhead",transportation,medium
230,"Whale songs in deep ocean",animals,medium
231,"Wind chimes in gentle summer breeze",ambient,low
232,"Busy fish market with vendors calling",social,high
233,"Analog synthesizer creating sci-fi atmosphere",electronic,medium
234,"Walking through dense forest undergrowth",nature,medium
235,"Stadium crowd doing the wave at sporting event",social,high
236,"Crackling logs in stone fireplace during winter",ambient,medium
237,"Subway train arriving at station with announcement",transportation,medium
238,"Antique pocket watch ticking mechanism",vintage,low
239,"Cat purring and kneading on blanket",animals,low
240,"Basketball game with squeaking shoes and bouncing ball",sports,medium
241,"Wind rushing through canyon walls",nature,medium
242,"Old fashioned typewriter with bell at end of line",vintage,medium
243,"Beehive buzzing with activity",nature,medium
244,"Grandfather clock pendulum swinging",vintage,low
245,"Marching band playing in parade",music,high
246,"Bowling alley ambient sounds",sports,high
247,"Birds taking flight suddenly from trees",nature,medium
248,"Video arcade from the 1980s",nostalgic,high
249,"Horse galloping across open field",animals,medium
250,"Rain on windshield with wipers running",transportation,medium
251,"Electric guitar with heavy distortion solo",music,medium
252,"Bonfire crackling at beach party",social,medium
253,"Heavy footsteps in empty hallway at night",horror,medium
254,"Carnival merry-go-round music and laughter",entertainment,high
255,"Fox barking in moonlit forest",animals,medium
256,"Helicopter rescue operation in mountains",emergency,high
257,"Chopping wood for winter fireplace",rural,medium
258,"Tennis match with grunts and ball hits",sports,medium
259,"Haunted house with ghostly whispers",horror,medium
260,"Old west saloon piano playing ragtime",historical,medium
261,"Sand timer with grains falling slowly",ambient,low
262,"Bubbling scientific experiment in laboratory",sci-fi,medium
263,"Bat echolocation sounds in cave",animals,medium
264,"Monks chanting in Tibetan monastery",spiritual,medium
265,"Vinyl record crackle before jazz music",vintage,medium
266,"Soccer stadium with chanting fans",sports,high
267,"Thunderstorm with heavy rain on roof",weather,high
268,"Ice cracking on frozen lake in spring",nature,medium
269,"Cash register ringing up sales",vintage,low
270,"Heart monitor beeping in hospital room",medical,low
271,"Howling blizzard around mountain cabin",weather,high
272,"Frying eggs on hot skillet",cooking,low
273,"Bowling ball rolling down lane and hitting pins",sports,medium
274,"Traditional Japanese tea ceremony",cultural,medium
275,"Horse-drawn carriage on country road",historical,medium
276,"Bubbling creek with birds chirping",nature,medium
277,"Mechanical pocket watch ticking",vintage,low
278,"Ancient stone door grinding open",fantasy,medium
279,"Coffee percolator bubbling on stove",cooking,low
280,"Ambient sounds of tropical rainforest",nature,high
281,"Phone ringing in empty office building",ambient,low
282,"Crackling fire with storyteller speaking",social,medium
283,"Orchestra tuning instruments before concert",music,high
284,"Dog barking at mailman approaching",animals,low
285,"Popcorn popping in kettle",cooking,low
286,"Drawbridge mechanism raising with chains",mechanical,medium
287,"Morning in countryside with rooster crowing",rural,medium
288,"Theremin playing eerie melody",electronic,medium
289,"Indoor swimming pool echoes and splashes",sports,medium
290,"Horses pulling stagecoach on dirt road",historical,medium
291,"Crackling static on old radio",vintage,medium
292,"Birds chirping in spring garden",nature,medium
293,"Thunderstorm approaching with distant rumbles",weather,medium
294,"Blacksmith forge with hammer and bellows",historical,medium
295,"Summer rain on garden leaves",weather,medium
296,"Church bells ringing across village",cultural,medium
297,"Carousel music at night carnival",entertainment,medium
298,"Casino slot machines and ambient chatter",entertainment,high
299,"Cat purring by crackling fireplace",animals,medium
300,"Chainsaw cutting through fallen tree",tools,medium
301,"Chalk writing on blackboard in quiet classroom",nostalgic,low
302,"Champagne cork popping at celebration",celebration,low
303,"Children jumping in pile of autumn leaves",nostalgic,medium
304,"Christmas morning with paper unwrapping",celebration,medium
305,"Cicadas singing on hot summer evening",nature,medium
306,"Circus performance with crowd reactions",entertainment,high
307,"Classical string quartet in marble hall",music,medium
308,"Classroom with teacher and student interactions",social,medium
309,"Clock tower striking noon over city square",urban,medium
310,"Closing metal vault door with echo",mechanical,medium
311,"Coffee shop ambient noise with espresso machine",social,medium
312,"Cold winter wind whistling through bare trees",weather,medium
313,"Computer server room with fans and hard drives",technology,medium
314,"Concert hall audience applauding",social,medium
315,"Construction site with jackhammer and crane",industrial,high
316,"Cooking bacon in cast iron skillet",cooking,low
317,"Coral reef underwater with bubbles and fish",nature,medium
318,"Corks popping at wine tasting event",celebration,medium
319,"Country creek with frogs and crickets",nature,medium
320,"Cow mooing in barn with hay rustling",rural,low
321,"Crackling campfire with owl hooting",nature,medium
322,"Crackling ice in glass of whiskey",ambient,low
323,"Creaking door in abandoned mansion",horror,low
324,"Creaking floors in old Victorian house",horror,low
325,"Creaking rocking chair on wooden porch",nostalgic,low
326,"Cricket match with bat hits and commentary",sports,medium
327,"Crickets chirping on summer evening",nature,low
328,"Crowd cheering at football touchdown",sports,high
329,"Crowd murmuring before theater performance",social,medium
330,"Crying baby gradually calming down",human,medium
331,"Crystal glasses clinking in toast",celebration,low
332,"Cuckoo clock announcing noon",vintage,low
333,"Dance club with electronic music and crowd",social,high
334,"Deep space ambient with occasional transmission",sci-fi,medium
335,"Desert wind through canyon with hawk cry",nature,medium
336,"Dice rolling across wooden table in game",entertainment,low
337,"Diesel train engine idling at station",transportation,medium
338,"Digital alarm clock beeping persistently",everyday,low
339,"Dining hall with silverware and conversation",social,medium
340,"Dinner party with laughter and glasses clinking",social,medium
341,"Distant ambulance siren approaching",emergency,medium
342,"Distant avalanche in mountain range",nature,high
343,"Distant carnival sounds across night field",entertainment,medium
344,"Distant church bells on Sunday morning",cultural,medium
345,"Distant factory whistle signaling end of shift",industrial,medium
346,"Distant fireworks on fourth of July",celebration,medium
347,"Distant foghorn on misty harbor",nautical,medium
348,"Distant gunfire on battlefield",historical,high
349,"Distant helicopter approaching gradually",transportation,medium
350,"Distant thunder during light rain",weather,medium
351,"Distant train whistle across prairie",transportation,medium
352,"Distant volcano rumbling before eruption",nature,high
353,"Diving into swimming pool with underwater sounds",sports,medium
354,"Dog barking excitedly at squirrel",animals,low
355,"Dog panting after playing fetch",animals,low
356,"Dog shaking water off after swimming",animals,low
357,"Dogs playing and wrestling on grass",animals,medium
358,"Dolphins clicking and whistling underwater",animals,medium
359,"Door creaking open in haunted house",horror,low
360,"Drawbridge mechanisms raising with chains",mechanical,medium
361,"Dripping faucet in quiet bathroom",everyday,low
362,"Dripping water in cave with echoes",nature,medium
363,"Drone of airplane engines during flight",transportation,medium
364,"Dropping ice cubes into glass",everyday,low
365,"Drum circle in public park",music,medium
366,"Drumming fingers on wooden table",human,low
367,"Duck quacking at pond edge",animals,low
368,"Ducks landing on pond with water splashes",animals,medium
369,"Electric fan oscillating in quiet room",everyday,low
370,"Electric guitar being tuned",music,low
371,"Electric saw cutting wood",tools,medium
372,"Electric shaver buzzing",everyday,low
373,"Electric toothbrush running",everyday,low
374,"Electronic cash register scanning items",everyday,low
375,"Electronic door lock with keypad beeps",technology,low
376,"Electronic music with synthetic beats",music,medium
377,"Elevator arriving with bell and doors opening",everyday,low
378,"Elevator music in department store",ambient,low
379,"Empty concert hall with distant piano notes",ambient,medium
380,"Empty playground swings creaking in wind",eerie,medium
381,"Engine room of large ship at sea",transportation,high
382,"Espresso machine steaming milk",cooking,low
383,"Evening cicadas and crickets in summer",nature,medium
384,"Excited dog greeting returning owner",animals,medium
385,"Explosive thunderclap during storm",weather,medium
386,"Factory assembly line with conveyor belt",industrial,high
387,"Falling raindrops on window pane",weather,low
388,"Farm animals waking at dawn",rural,medium
389,"Fast flowing river in mountain gorge",nature,medium
390,"Fast-paced footsteps running on pavement",action,medium
391,"Fax machine sending document",vintage,medium
392,"Ferris wheel at night carnival",entertainment,medium
393,"Field of wheat rustling in breeze",nature,medium
394,"Film projector running in empty theater",vintage,medium
395,"Finale of fireworks display",celebration,high
396,"Fire alarm ringing in building",emergency,medium
397,"Fire truck siren approaching emergency",emergency,medium
398,"Fireplace crackling on winter evening",ambient,medium
399,"Fireworks exploding in celebration",celebration,medium
400,"Fish tank bubbler and filter running",ambient,low
401,"Fishing boat diesel engine idling",nautical,medium
402,"Fishing line casting and reel spinning",sports,low
403,"Fitness class with instructor and music",sports,medium
404,"Fizzing soda being poured into glass",everyday,low
405,"Flamenco dancers with castanets and footwork",cultural,medium
406,"Flashbulbs popping at press conference",media,medium
407,"Flipping through pages of newspaper",everyday,low
408,"Flowing river with rushing rapids",nature,medium
409,"Flute playing solo melody in empty hall",music,medium
410,"Flying insects buzzing around porch light",nature,low
411,"Fog horn blowing in harbor mist",nautical,medium
412,"Footsteps approaching on wooden floor",ambient,low
413,"Footsteps crunching in fresh snow",weather,low
414,"Footsteps echoing in empty corridor",eerie,low
415,"Footsteps in dry autumn leaves",nature,low
416,"Footsteps on gravel path in garden",ambient,low
417,"Footsteps running up wooden staircase",action,low
418,"Forest after rainfall with dripping leaves",nature,medium
419,"Forest at dusk with owl hooting",nature,medium
420,"Forest fire crackling through underbrush",nature,high
421,"Formula 1 race cars passing by",sports,high
422,"Fox hunting horn across autumn field",historical,medium
423,"Freezer door opening with frost cracking",everyday,low
424,"French cafe with accordion music",cultural,medium
425,"Frog chorus at pond edge at twilight",nature,medium
426,"Frontier town with horses and wagon",historical,medium
427,"Frying bacon in pan with sizzling",cooking,low
428,"Funeral procession with solemn music",spiritual,medium
429,"Furious thunderstorm with heavy rain",weather,high
430,"Futuristic city with flying vehicles",sci-fi,high
431,"Futuristic computer interface with beeps",sci-fi,medium
432,"Galloping horse across open meadow",animals,medium
433,"Game show audience applauding answer",entertainment,medium
434,"Garage door opening automatically",everyday,low
435,"Garden party with conversations and music",social,medium
436,"Gas stove burner igniting",everyday,low
437,"Geese honking during migration",animals,medium
438,"Gentle brook in forest clearing",nature,medium
439,"Gentle ocean waves on sandy beach",nature,medium
440,"Gentle rain on tent while camping",weather,medium
441,"Gentle stream flowing through meadow",nature,medium
442,"Gentle wind through pine forest",nature,medium
443,"Ghost town with wind through empty buildings",eerie,medium
444,"Glass breaking in slow motion",effects,medium
445,"Glass shattering on hard floor",effects,low
446,"Glassblower working with molten glass",crafts,medium
447,"Glasses clinking in celebration toast",celebration,low
448,"Grandfather clock striking midnight",vintage,medium
449,"Grasshoppers chirping in summer field",nature,low
450,"Gravel crunching under car tires",transportation,low
451,"Group meditation with ohm chanting",spiritual,medium
452,"Guitar being carefully tuned",music,low
453,"Gull cries over harbor with boat bells",nautical,medium
454,"Gym workout with weights and breathing",sports,medium
455,"Hair dryer running on high setting",everyday,low
456,"Halloween party with monster sounds",celebration,medium
457,"Hammer hitting nail into wood",tools,low
458,"Hammock swinging with rope creaking",ambient,low
459,"Hand cranked ice cream maker",vintage,low
460,"Hand washing dishes in sink",everyday,low
461,"Harbor with boat horns and gulls",nautical,medium
462,"Harp glissando in concert hall",music,medium
463,"Haunted house attraction with screams",entertainment,high
464,"Haunting violin solo in empty church",music,medium
465,"Heavy rain hitting window panes",weather,medium
466,"Heavy rain on canvas tent",weather,medium
467,"Heavy snowfall with muffled city sounds",weather,medium
468,"Heavy storm with wind and rain",weather,high
469,"Helicopter blades whirring overhead",transportation,medium
470,"Hens clucking in chicken coop",rural,medium
471,"High heel shoes walking on marble floor",everyday,low
472,"High mountain wind through rocky peaks",nature,medium
473,"High school band practicing in distance",music,medium
474,"High school hallway between classes",social,high
475,"High speed train passing by station",transportation,high
476,"Highway traffic from pedestrian bridge",urban,medium
477,"Hiking boots on rocky mountain trail",adventure,low
478,"Hockey game with stick slaps and crowd",sports,high
479,"Home printer scanning and printing",technology,low
480,"Horse carriage on cobblestone street",historical,medium
481,"Horse galloping across open field",animals,medium
482,"Horse neighing and stomping in stable",animals,medium
483,"Horse trotting on dirt path",animals,medium
484,"Hospital corridor at night with occasional pages",medical,medium
485,"Hot air balloon burner firing",adventure,medium
486,"Hotel lobby with quiet piano music",social,medium
487,"House construction with hammering and sawing",industrial,high
488,"Hovercraft engine and water spray",transportation,medium
489,"Howling wind during winter blizzard",weather,high
490,"Humming refrigerator in quiet kitchen",everyday,low
491,"Hushed museum gallery with occasional whispers",social,low
492,"Hydraulic press crushing objects",industrial,medium
493,"Ice cream truck melody in suburb",nostalgic,medium
494,"Ice cracking on frozen lake",nature,medium
495,"Ice cubes being dropped into glass",everyday,low
496,"Ice hockey puck and stick impacts",sports,medium
497,"Ice skating rink with blades on ice",sports,medium
498,"Icicles melting and dripping",weather,low
499,"Industrial elevator machinery operating",industrial,medium
500,"Industrial factory with machinery running",industrial,high
501,"Inside car during heavy rainstorm",weather,medium
502,"Inside medieval blacksmith shop",historical,medium
503,"Inside moving elevator with mechanical sounds",everyday,low
504,"Inside submarine with sonar pings",transportation,medium
505,"Inside tent during rainstorm",weather,medium
506,"Jazz club with saxophone solo",music,medium
507,"Jet airliner taking off nearby",transportation,high
508,"Jet ski racing across water",sports,medium
509,"Jewelry box with ballerina turning",vintage,low
510,"Jungle at night with exotic animal sounds",nature,high
511,"Kettle beginning to whistle on stove",everyday,low
512,"Key turning in old door lock",everyday,low
513,"Keyboard typing with mechanical switches",technology,low
514,"Kids playing in swimming pool",social,medium
515,"Kitchen during busy dinner preparation",cooking,medium
516,"Kitten meowing for attention",animals,low
517,"Knitting needles clicking together",crafts,low
518,"Lake waves lapping against dock",nature,medium
519,"Large audience applauding performance",social,high
520,"Large cathedral with echoing footsteps",spiritual,medium
521,"Large crowd chanting at protest",social,high
522,"Large crowd singing national anthem",social,high
523,"Large grandfather clock ticking",vintage,low
524,"Large industrial fan in warehouse",industrial,medium
525,"Large metal gate closing and locking",mechanical,medium
526,"Large office with typing and phones",workplace,high
527,"Large waves crashing on rocky shore",nature,high
528,"Laser printer printing document",technology,low
529,"Laundromat with washing machines running",everyday,medium
530,"Lawn mower running in suburban yard",everyday,medium
531,"Lawn sprinklers running in morning",everyday,low
532,"Leaves rustling in autumn breeze",nature,low
533,"Library with occasional page turning",ambient,low
534,"Light aircraft engine starting",transportation,medium
535,"Light rain falling on calm lake",weather,medium
536,"Light rain on greenhouse roof",weather,medium
537,"Lightning strike with immediate thunder",weather,high
538,"Lions roaring in savanna distance",animals,medium
539,"Live auction with fast-talking auctioneer",social,high
540,"Loading dock with trucks and forklifts",industrial,high
541,"Locomotive steam engine starting",transportation,high
542,"Log cabin fireplace crackling in winter",ambient,medium
543,"Logging operation with chainsaws",industrial,high
544,"Loom weaving fabric in textile mill",industrial,medium
545,"Lullaby music box playing slowly",nostalgic,low
546,"Lumber being cut at sawmill",industrial,high
547,"Machine gun firing rapidly",action,high
548,"Magic spell casting with mystical sounds",fantasy,medium
549,"Magical forest with ethereal sounds",fantasy,medium
550,"Magician performing with audience gasps",entertainment,medium
551,"Mail slot with letters dropping through",everyday,low
552,"Market square with vendors calling",social,high
553,"Martial arts training session",sports,medium
554,"Match being struck and lighting",everyday,low
555,"Mechanical clock winding up",vintage,low
556,"Mechanical metronome ticking steadily",music,low
557,"Mechanical toy robot walking",vintage,low
558,"Meditative singing bowl being struck",spiritual,low
559,"Melting ice cream dripping on hot day",ambient,low
560,"Metal detector beeping at treasure",adventure,low
561,"Metal gate squeaking open slowly",ambient,low
562,"Metal workshop with grinding and welding",industrial,high
563,"Metronome ticking at moderate tempo",music,low
564,"Microwave oven running and beeping",everyday,low
565,"Military boots marching in formation",historical,medium
566,"Military jet flying overhead",transportation,high
567,"Military parade with marching band",cultural,high
568,"Milk being poured into cereal bowl",everyday,low
569,"Mining operation with drilling",industrial,high
570,"Misty mountain forest at dawn",nature,medium
571,"Mixing cocktail in shaker",social,low
572,"Mobile phone vibrating on wooden table",technology,low
573,"Model train set running on tracks",hobby,medium
574,"Modern art gallery with hushed voices",social,low
575,"Modern office with computers and phones",workplace,medium
576,"Monastery bells calling to prayer",spiritual,medium
577,"Monday morning construction site",industrial,high
578,"Monkey chattering in rainforest",animals,medium
579,"Monorail train passing overhead",transportation,medium
580,"Morning birdsong in spring garden",nature,medium
581,"Morning coffee brewing in machine",everyday,low
582,"Morning commute on busy highway",transportation,high
583,"Morning in countryside farmyard",rural,medium
584,"Morning in suburbs with paper delivery",everyday,medium
585,"Morse code being tapped out",communication,low
586,"Mosquito buzzing near ear at night",animals,low
587,"Motorcycle engine starting and idling",transportation,medium
588,"Motorcycle passing by with loud engine",transportation,medium
589,"Mountain avalanche in distance",nature,high
590,"Mountain goats on rocky slopes",animals,medium
591,"Mountain stream with small waterfall",nature,medium
592,"Mouse clicking rapidly during gaming",technology,low
593,"Movie theater audience reactions",social,high
594,"Moving box with dishes rattling inside",everyday,medium
595,"Multiple alarm clocks ringing",everyday,medium
596,"Museum with hushed voices and footsteps",social,medium
597,"Music box playing gentle lullaby",vintage,low
598,"Musical saw being played hauntingly",eerie,medium
599,"Nail gun firing into wood repeatedly",tools,medium
600,"Native American drumming ceremony",cultural,medium
601,"Nature documentary narrator voice",media,medium
602,"Neon sign buzzing in rainy night",urban,low
603,"Night club with DJ and dancing crowd",social,high
604,"Night insects in summer garden",nature,medium
605,"Night market with food vendors",social,high
606,"Night sounds of desert with coyotes",nature,medium
607,"Night train passing through countryside",transportation,medium
608,"Nightingale singing in moonlit garden",nature,medium
609,"Nighttime city ambience with distant sirens",urban,medium
610,"Nighttime forest with cricket chorus",nature,medium
611,"Nighttime jungle with exotic creatures",nature,high
612,"Nighttime ocean waves on beach",nature,medium
613,"Nighttime thunderstorm approaching",weather,high
614,"Noisy restaurant kitchen during service",workplace,high
615,"Nostalgic ice cream truck melody",nostalgic,medium
616,"Ocean liner horn blasting",nautical,medium
617,"Ocean waves crashing on rocky coast",nature,high
618,"Ocean waves gently lapping sandy shore",nature,medium
619,"Office cubicle with typing and phones",workplace,medium
620,"Office paper shredder running",workplace,low
621,"Office printer scanning documents",workplace,low
622,"Office workers discussing project",workplace,medium
623,"Old boat creaking at dock",nautical,medium
624,"Old car engine struggling to start",transportation,medium
625,"Old cash register with mechanical keys",vintage,medium
626,"Old fashioned popcorn machine popping",vintage,medium
627,"Old fashioned typewriter with bell",vintage,medium
628,"Old grandfather clock ticking",vintage,low
629,"Old manual camera shutter clicking",vintage,low
630,"Old movie film projector running",vintage,medium
631,"Old music box playing melody",vintage,low
632,"Old phonograph playing scratchy record",vintage,medium
633,"Old pocket watch ticking mechanism",vintage,low
634,"Old radio tuning between stations",vintage,medium
635,"Old school bell ringing",nostalgic,medium
636,"Old steam locomotive chugging",transportation,high
637,"Old telephone rotary dial spinning",vintage,low
638,"Old western saloon with piano playing",historical,medium
639,"Old windmill creaking in breeze",rural,medium
640,"Old wooden boat creaking on water",nautical,medium
641,"Old wooden floorboards creaking",ambient,low
642,"Olympic swimming competition with crowd",sports,high
643,"Opening champagne bottle with pop",celebration,low
644,"Orchestra conductor tapping baton",music,low
645,"Orchestra tuning before performance",music,high
646,"Organ playing in cathedral",spiritual,medium
647,"Outdoor cafe with street musicians",social,medium
648,"Outdoor concert with applause",social,high
649,"Outdoor festival with multiple sounds",social,high
650,"Outdoor market with vendors calling",social,high
651,"Outdoor wedding ceremony with vows",celebration,medium
652,"Overflowing bathtub with water splashing",everyday,medium
653,"Owl hooting in dark forest",nature,low
654,"Paddling canoe through still water",adventure,low
655,"Pages turning in large book",ambient,low
656,"Paintball game with markers firing",sports,medium
657,"Paper being crumpled into ball",everyday,low
658,"Paper being torn slowly",everyday,low
659,"Paper money being counted by hand",everyday,low
660,"Paper shredder destroying documents",workplace,low
661,"Parachute opening during skydive",adventure,medium
662,"Party balloons popping",celebration,medium
663,"Passing cars on wet road after rain",transportation,medium
664,"Passing subway train underground",transportation,high
665,"Peaceful meadow with light breeze",nature,low
666,"Pen writing on paper in quiet room",ambient,low
667,"Pencil scratching on paper",everyday,low
668,"Pendulum clock swinging rhythmically",vintage,low
669,"Person breathing during meditation",spiritual,low
670,"Person drinking through straw",everyday,low
671,"Person humming while cooking",human,low
672,"Person laughing heartily",human,low
673,"Person snoring loudly",human,low
674,"Person typing on laptop keyboard",technology,low
675,"Person walking through deep snow",weather,low
676,"Person whistling happy tune",human,low
677,"Piano being tuned with key hits",music,medium
678,"Piano playing gentle melody",music,medium
679,"Pickup truck driving on gravel road",transportation,medium
680,"Picnic in park with distant children",social,medium
681,"Pigeons cooing in city square",urban,low
682,"Pinball machine with bells and flippers",entertainment,medium
683,"Pine forest in gentle breeze",nature,medium
684,"Ping pong ball bouncing on table",sports,low
685,"Pirate ship battle with cannons",historical,high
686,"Pizza restaurant with brick oven",social,medium
687,"Plane taking off from airport runway",transportation,high
688,"Playground with children playing",social,medium
689,"Plucking guitar strings one by one",music,low
690,"Pneumatic drill on construction site",industrial,high
691,"Police car siren approaching",emergency,medium
692,"Pool balls colliding during game",sports,medium
693,"Popcorn popping in microwave",cooking,low
694,"Popping bubble wrap slowly",everyday,low
695,"Pouring cereal into empty bowl",everyday,low
696,"Pouring champagne into glass",celebration,low
697,"Pouring coffee into ceramic mug",everyday,low
698,"Pouring rain during thunderstorm",weather,high
699,"Pouring rain on tin roof",weather,medium
700,"Prayer bells ringing in temple",spiritual,medium
701,"Pressure cooker releasing steam",cooking,medium
702,"Professional kitchen during service",workplace,high
703,"Public pool with swimmers and echoes",sports,high
704,"Public speaking with microphone feedback",social,medium
705,"Pulling cork from wine bottle",everyday,low
706,"Puppies playing and barking",animals,medium
707,"Purring cat on windowsill",animals,low
708,"Quiet bar with jazz playing softly",social,medium
709,"Quiet beach at sunrise with gulls",nature,medium
710,"Quiet bookstore with occasional page turns",ambient,low
711,"Quiet coffee shop with light music",social,medium
712,"Quiet country church service",spiritual,medium
713,"Quiet forest after fresh snowfall",nature,low
714,"Quiet hospital corridor at night",medical,medium
715,"Quiet library with occasional whispers",social,low
716,"Quiet night with cricket sounds",nature,low
717,"Quiet office with keyboard typing",workplace,medium
718,"Quiet park with distant children playing",social,medium
719,"Quiet suburban street at night",urban,low
720,"Race cars at starting line revving",sports,high
721,"Racing heartbeat gradually slowing",medical,low
722,"Radio being tuned between stations",technology,low
723,"Radio playing in distant room",ambient,low
724,"Radio static with occasional voices",communication,medium
725,"Rain beginning to fall on quiet street",weather,medium
726,"Rain falling on autumn leaves",weather,medium
727,"Rain falling on car windshield",weather,medium
728,"Rain falling on metal roof",weather,medium
729,"Rain falling on tent while camping",weather,medium
730,"Rain forest with exotic bird calls",nature,high
731,"Rain gently falling on umbrella",weather,low
732,"Rain increasing from drizzle to downpour",weather,medium
733,"Rain on windowpane at night",weather,medium
734,"Railroad crossing signal with train",transportation,high
735,"Railway station with train announcements",transportation,high
736,"Rapids in wilderness river",nature,high
737,"Recording studio with sound checks",music,medium
738,"Refrigerator humming in quiet kitchen",everyday,low
739,"Remote cabin with wind and wildlife",nature,medium
740,"Restaurant kitchen during dinner rush",workplace,high
741,"Restless ocean during approaching storm",weather,high
742,"Riding horse through shallow creek",animals,medium
743,"Riding lawn mower cutting grass",everyday,medium
744,"Riding motorcycle on empty highway",transportation,medium
745,"Rifle firing at shooting range",sports,medium
746,"River rapids through rocky gorge",nature,high
747,"Robot servo motors moving precisely",sci-fi,medium
748,"Rock concert with cheering crowd",music,high
749,"Rock slide down mountain slope",nature,high
750,"Rocket launch countdown and ignition",sci-fi,high
751,"Rocking chair creaking on porch",nostalgic,low
752,"Roller coaster with screaming riders",entertainment,high
753,"Roller skating rink with music",sports,medium
754,"Rolling thunder after lightning",weather,medium
755,"Rolling thunder approaching storm",weather,medium
756,"Rollercoaster climbing chain lift",entertainment,medium
757,"Roosters crowing at dawn on farm",rural,medium
758,"Rope swing over lake with splash",adventure,medium
759,"Rotary phone dialing and ringing",vintage,low
760,"Rowing boat with oars in water",nautical,low
761,"Royal fanfare with trumpets",historical,medium
762,"Rugby match with referee whistle",sports,high
763,"Running dishwasher cycle",everyday,medium
764,"Running on treadmill at gym",sports,medium
765,"Running water in bathroom sink",everyday,low
766,"Rushing mountain stream with birds",nature,medium
767,"Rustling paper gift wrapping",celebration,low
768,"Rusty gate swinging in wind",ambient,low
769,"Sailboat with wind in sails",nautical,medium
770,"Sand pouring through hourglass",ambient,low
771,"Sand timer with grains falling",ambient,low
772,"Sandpaper sanding wood surface",crafts,low
773,"Saxophonist playing in subway tunnel",music,medium
774,"School bell ringing between classes",everyday,medium
775,"School cafeteria during lunch hour",social,high
776,"School classroom with teacher lesson",social,medium
777,"School playground during recess",social,high
778,"Scissors cutting through paper",everyday,low
779,"Scrabble tiles being shuffled",entertainment,low
780,"Scratching record on turntable",music,low
781,"Scuba diving with breathing apparatus",adventure,medium
782,"Sea gulls calling over harbor",nautical,medium
783,"Seagulls fighting over food",animals,medium
784,"Search and rescue helicopter",emergency,high
785,"Seashell with ocean sounds",nature,low
786,"Seaside boardwalk with carnival",entertainment,high
787,"Serene spa with water features",ambient,medium
788,"Sewing machine running steadily",crafts,low
789,"Shaking dice in cup before roll",entertainment,low
790,"Shaking maracas rhythmically",music,low
791,"Shamanic drumming ceremony",spiritual,medium
792,"Sharpening knife on whetstone",everyday,low
793,"Sharpening pencil with manual sharpener",everyday,low
794,"Sheep bleating in field",rural,medium
795,"Ship creaking in rough seas",nautical,medium
796,"Ship foghorn in harbor mist",nautical,medium
797,"Ship's bell ringing on deck",nautical,medium
798,"Shopping cart rolling across parking lot",everyday,low
799,"Shopping mall during holiday season",social,high
800,"Short circuit with electrical sparks",effects,medium
801,"Shower running in bathroom",everyday,medium
802,"Shuffling deck of playing cards",entertainment,low
803,"Shutting car door firmly",transportation,low
804,"Silent forest with occasional twig snap",nature,low
805,"Silent library with clock ticking",ambient,low
806,"Silent movie theater with piano accompaniment",vintage,medium
807,"Silent night forest with owl hoots",nature,medium
808,"Silent snowfall in city park",weather,low
809,"Singing bowl resonating",spiritual,low
810,"Single cricket chirping at night",nature,low
811,"Sizzling fajitas on hot plate",cooking,medium
812,"Skateboard rolling on pavement",sports,low
813,"Ski lift machinery operating",sports,medium
814,"Skiing down fresh powder slope",sports,medium
815,"Skydiver falling through air",adventure,medium
816,"Skywriting airplane overhead",transportation,medium
817,"Sleepy cat purring by fireplace",animals,medium
818,"Sleigh bells jingling on horse-drawn sleigh",holiday,medium
819,"Sliding glass door opening and closing",everyday,low
820,"Slot machine spinning and paying out",entertainment,medium
821,"Slow ticking grandfather clock",vintage,low
822,"Slow water drip in quiet cave",nature,low
823,"Small airplane propeller starting",transportation,medium
824,"Small boat motor puttering",nautical,medium
825,"Small creek with water over rocks",nature,medium
826,"Small fountain in garden",ambient,low
827,"Small stream babbling over rocks",nature,medium
828,"Small town parade with marching band",cultural,high
829,"Small waves lapping at lake shore",nature,medium
830,"Smartphone notification sounds",technology,low
831,"Smoke detector battery warning beep",everyday,low
832,"Snapping twigs while walking in forest",nature,low
833,"Sneakers squeaking on basketball court",sports,medium
834,"Snoring person in deep sleep",human,low
835,"Snow blower clearing driveway",weather,medium
836,"Snow falling from roof in large chunk",weather,medium
837,"Snow plow clearing street at night",urban,medium
838,"Snow shovel scraping sidewalk",weather,low
839,"Soccer ball being kicked in game",sports,medium
840,"Soccer match with referee whistle",sports,high
841,"Soda fizzing in glass with ice",everyday,low
842,"Soft wind through autumn leaves",nature,low
843,"Sonar pings in submarine",transportation,medium
844,"Sorting coins into metal container",everyday,low
845,"Space shuttle launch sequence",sci-fi,high
846,"Spaceship engine room ambience",sci-fi,medium
847,"Sparkling wine cork popping",celebration,low
848,"Sparks from welder's torch",industrial,medium
849,"Speaking through walkie talkie with static",communication,medium
850,"Splashing in puddles with boots",weather,low
851,"Splashing water in bathtub",everyday,medium
852,"Splitting firewood with axe",rural,medium
853,"Sports arena with cheering crowd",sports,high
854,"Sports car engine revving",transportation,medium
855,"Spring peeper frogs chorus",nature,medium
856,"Squeaky door hinge opening slowly",ambient,low
857,"Squeaky floorboard in old house",ambient,low
858,"Squeaky toy being repeatedly pressed",everyday,low
859,"Squirrels chattering in trees",animals,low
860,"Stadium crowd doing the wave",sports,high
861,"Stadium crowd singing team song",sports,high
862,"Stage curtain rising with mechanical sound",entertainment,medium
863,"Stampeding cattle herd",animals,high
864,"Starting car engine on cold morning",transportation,medium
865,"Starting lawn mower engine",everyday,medium
866,"Steam engine train departing station",transportation,high
867,"Steam escaping pressure cooker valve",cooking,medium
868,"Steam hissing from old radiator",vintage,medium
869,"Steam locomotive chugging along tracks",transportation,high
870,"Steam rising from hot springs",nature,medium
871,"Steam train whistle in distance",transportation,medium
872,"Steaming kettle beginning to whistle",everyday,medium
873,"Steel drums playing Caribbean music",music,medium
874,"Steel factory with molten metal pouring",industrial,high
875,"Stethoscope hearing steady heartbeat",medical,low
876,"Stock market trading floor shouting",workplace,high
877,"Stone skipping across calm lake",nature,low
878,"Storm with heavy rain and thunder",weather,high
879,"Storyteller by campfire with crackling",social,medium
880,"Street busker playing accordion",music,medium
881,"Street cafe with distant conversations",social,medium
882,"Street construction with jackhammer",urban,high
883,"Street market with vendors calling",social,high
884,"Street musician playing violin",music,medium
885,"Street performer tap dancing",entertainment,medium
886,"Street protest with chanting crowd",social,high
887,"Street sweeper cleaning early morning roads",urban,medium
888,"String quartet playing classical music",music,medium
889,"Subway announcement over speakers",transportation,medium
890,"Subway station with approaching train",transportation,high
891,"Subway train passing through station",transportation,high
892,"Summer afternoon thunderstorm approaching",weather,medium
893,"Summer carnival with rides and games",entertainment,high
894,"Summer insects buzzing in field",nature,medium
895,"Summer night with crickets and frogs",nature,medium
896,"Summer rainstorm with distant thunder",weather,medium
897,"Sunday church bells across town",spiritual,medium
898,"Sunset beach with gentle waves",nature,medium
899,"Supermarket checkout with scanner beeps",everyday,medium
900,"Swimming underwater with bubbles",sports,medium
901,"Swimming pool with children playing",social,medium
902,"Swing squeaking in playground",nostalgic,low
903,"Swinging door in western saloon",historical,low
904,"Symphony orchestra playing classical piece",music,high
905,"Table tennis match with ball hits",sports,medium
906,"Taking photographs with film camera",vintage,low
907,"Tap dancer on wooden stage",entertainment,medium
908,"Tap water running into sink",everyday,low
909,"Tape measure extending and retracting",tools,low
910,"Tea kettle starting to whistle",everyday,low
911,"Tea party with cups clinking",social,medium
912,"Tearing open package or envelope",everyday,low
913,"Tearing wrapping paper excitedly",celebration,low
914,"Telephone ringing in empty office",ambient,low
915,"Television static noise",technology,low
916,"Tennis ball machine firing balls",sports,medium
917,"Tennis match with grunts and ball hits",sports,medium
918,"Theremin playing eerie melody",electronic,medium
919,"Ticking analog clock in quiet room",ambient,low
920,"Ticking bomb in suspense scene",action,medium
921,"Tidal waves crashing on rocky shore",nature,high
922,"Tiger growling in jungle",animals,medium
923,"Timber being cut at sawmill",industrial,high
924,"Time clock punching for work shift",workplace,low
925,"Tinkling wind chimes on porch",ambient,low
926,"Tiny music box playing lullaby",vintage,low
927,"Tires screeching during emergency stop",transportation,medium
928,"Toaster popping up toast",everyday,low
929,"Toilet flushing in quiet bathroom",everyday,low
930,"Toll booth with cars stopping",transportation,medium
931,"Tools being dropped into metal toolbox",everyday,medium
932,"Train crossing railroad tracks",transportation,high
933,"Train horn in distance at night",transportation,medium
934,"Train passing through rural crossing",transportation,high
935,"Train station announcement over speakers",transportation,medium
936,"Train whistle echoing through valley",transportation,medium
937,"Tram bell ringing in city street",transportation,medium
938,"Transmission radio static with voice",communication,medium
939,"Tree branches scraping window in wind",eerie,medium
940,"Tree falling in forest with crash",nature,high
941,"Tree frogs chorus after rain",nature,medium
942,"Tribal drum circle performance",cultural,medium
943,"Tropical bird calls in jungle",nature,medium
944,"Tropical rainstorm on palm leaves",weather,medium
945,"Truck backing up with warning beep",transportation,medium
946,"Trumpet playing reveille at dawn",military,medium
947,"Tumbling clothes in dryer",everyday,medium
948,"Turning pages of newspaper",everyday,low
949,"TV game show with crowd reactions",entertainment,medium
950,"Typewriter with end-of-line bell",vintage,medium
951,"Typing on computer keyboard",technology,low
952,"Typing on old mechanical typewriter",vintage,medium
953,"Underwater bubbles from scuba gear",adventure,medium
954,"Underwater sounds with whale song",nature,medium
955,"University lecture hall before class",social,medium
956,"Urban street corner with traffic",urban,high
957,"Vacuum cleaner running on carpet",everyday,medium
958,"Velcro fastener being pulled apart",everyday,low
959,"Venetian gondolier singing on canal",cultural,medium
960,"Video arcade with game sounds",entertainment,high
961,"Video game victory fanfare",entertainment,medium
962,"Village blacksmith hammering metal",historical,medium
963,"Village church bells on Sunday",spiritual,medium
964,"Vinyl record being placed on turntable",vintage,low
965,"Vinyl record crackling before music",vintage,low
966,"Violin being tuned before concert",music,low
967,"Violin string breaking during play",music,low
968,"Virtual reality game with spatial audio",technology,high
969,"Volcano rumbling before eruption",nature,high
970,"Wading through shallow stream",nature,low
971,"Walking across wooden bridge",adventure,low
972,"Walking in deep snow with crunching steps",weather,low
973,"Walking on autumn leaves",nature,low
974,"Walking on creaky wooden floor",ambient,low
975,"Walking on gravel path in garden",ambient,low
976,"Walking through corn field with rustling stalks",rural,medium
977,"Walking through heavy rain with umbrella",weather,medium
978,"Walking through shallow creek",nature,low
979,"Walking through tall grass meadow",nature,low
980,"Walking up creaky wooden staircase",ambient,low
981,"Warehouse with forklift operations",industrial,medium
982,"Washing dishes in kitchen sink",everyday,low
983,"Washing machine cycle running",everyday,medium
984,"Water boiling in pot with lid rattling",cooking,low
985,"Water bubbling in fish tank",ambient,low
986,"Water dripping in cave with echoes",nature,medium
987,"Water dripping into bucket slowly",ambient,low
988,"Water droplets falling on hot surface",effects,low
989,"Water fountain in quiet garden",ambient,medium
990,"Water lapping against dock pilings",nautical,medium
991,"Water pouring from pitcher into glass",everyday,low
992,"Water sprinkler on summer lawn",everyday,low
993,"Waterfall in lush jungle setting",nature,high
994,"Waves crashing during coastal storm",weather,high
995,"Wedding ceremony with organ music",celebration,medium
996,"Whales breaching ocean surface",animals,medium
997,"Whispering in empty cathedral",eerie,medium
998,"Wind chimes during gentle breeze",ambient,low
999,"Wind howling through mountain pass",weather,medium
1000,"Wind through autumn leaves in park",nature,medium