prompt_id,prompt_text,category,complexity
1,A delicate creek streaming over smooth pebbles amid a forest,nature,medium
2,Busy metropolis avenue alongside conveyance warning sounds as well as folk dialoguing,urban,high
3,Storm hitting over a galvanized metal roof throughout a thunderstorm,weather,medium
4,Snapping fire including occasional pops together with hisses,nature,low
5,Zephyr chimes wavering throughout a light breeze covering a porch,ambient,low
6,Waves colliding on a rocky seaboard in the course of sundown,nature,medium
7,Orchestra gearing up prior to a classical concert,music,high
8,Juveniles engaging within a play area accompanied by laughter plus hollers,human,medium
9,Creaking wooden floors throughout an old forsaken house,horror,medium
10,Helicopter flying above ground gradually fading heading to distance,mechanical,medium
11,Birds singing among a spring morning garden,nature,medium
12,Coffee shop ambience together with subdued conversations in addition to espresso contrivance,social,medium
13,Typewriter keys clacking rapidly with random bell ring,mechanical,medium
14,"Thunder rumbling throughout the distance, slowly approaching",weather,medium
15,Cat purring while sleeping across a windowsill,animals,low
16,Sand crunching underfoot upon a desert walk,nature,low
17,Draft howling throughout a narrow mountain pass,weather,medium
18,Submarine sonar pings among profound marine environment waters,mechanical,medium
19,Pages of a book being slowly turned in a quiet library,ambient,low
20,Stadium multitude cheering after a goal or touchdown,social,high
21,Glass breaking as it hits a hard floor,effects,low
22,Grandfather timer sounding as well as chiming for midnight,mechanical,medium
23,Rain forest ambience plus exotic bird calls together with insects,nature,high
24,Teeming food venue with dishes clattering and background chatter,social,high
25,Horse galloping across an open field,animals,medium
26,Spaceship powerplant buzzing at a constant frequency,sci-fi,medium
27,Metro passing by featuring whistle blowing,transportation,medium
28,Saxophone solo within a smoky jazz club,music,medium
29,Whispering voices in an empty corridor,horror,medium
30,Sparking radio static with occasional voice fragments,communication,medium
31,Bubbling brook featuring feathered creatures singing throughout background,nature,medium
32,Whale song echoing across waters depths,animals,medium
33,Laser gun battle with energy weapons firing,sci-fi,high
34,Heartbeat monitor beeping steadily among hospital room,medical,low
35,Unstable wooden ship rocking atop soft swells,historical,medium
36,Howling wolf in a moonlit forest,animals,medium
37,Typing covering a mechanical key interface plus clicky switches,technology,low
38,Historic vinyl record alongside crinkling and snaps,vintage,low
39,Sizzling food on a hot grill or pan,cooking,low
40,Church bells resounding within a faint village,cultural,medium
41,Morning danger signal horologe clanging persistently,everyday,low
42,Rotary aircraft blades whirring during takeoff,transportation,medium
43,Ice cream truck melody running down a suburban boulevard,nostalgic,medium
44,Air current rustling across autumn fronds,nature,medium
45,Paces running on concrete during the rain,action,medium
46,Computer server room featuring multiple fans buzzing,technology,medium
47,Gentle rainfall on a tent inside the wilderness,nature,medium
48,Airport terminal announcements and isolated conversations,travel,high
49,Medieval battle accompanied by sword clangs and shield impacts,historical,high
50,Haunting theremin music amidst an empty ballroom,eerie,medium
51,Robot servos in addition to mechanical movements,sci-fi,medium
52,Propeller airplane engine starting and accelerating,transportation,medium
53,Thunderous applause among a concert hall,social,medium
54,Bowling ball hitting pins during a bowling alley,sports,medium
55,Squeaky door slowly opening within a dark house,horror,low
56,Dial-up internet connection sounds,nostalgic,medium
57,Crowded swimming pool with splashing coupled with hilarity,social,medium
58,Antique music box playing a lullaby,vintage,medium
59,Chainsaw cutting through wood,tools,medium
60,Motorcycle engine revving loudly,transportation,medium
61,Blender mixing a smoothie on high speed,everyday,low
62,Bamboo blast chimes during a Japanese garden,cultural,low
63,Ping pong ball bouncing atop a table,sports,low
64,Howling blizzard alongside intense draft,weather,medium
65,Crinkling fire pit together with humans quietly talking,social,medium
66,Distant foghorn atop a misty ocean,nautical,medium
67,Cicadas twittering on a hot summer evening,nature,medium
68,Arcade game sounds from the 1980s,nostalgic,medium
69,Babbling brook featuring frogs croaking,nature,medium
70,Air movement by way of pine trees amid a mountain forest,nature,medium
71,Medieval tavern accompanied by music and chatter,historical,high
72,Industrial factory accompanied by machinery whirring,industrial,high
73,Deliberate dripping water amidst a cave,nature,low
74,Clock tower striking twelve during midnight,ambient,medium
75,Busy hospital emergency room ambience,medical,high
76,Dog barking excitedly as someone arrives home,animals,low
77,Soothing meditation bowl being struck,spiritual,low
78,Giant creature stomping via a forest,fantasy,medium
79,Grandfather telling a bedtime story,human,medium
80,Fireworks exploding throughout the distance,celebration,medium
81,Windshield wipers squeaking covering rainy drive,transportation,low
82,Bustling farmers fair plus vendors calling out,social,high
83,Antique film projector clicking in addition to whirring,vintage,medium
84,Bees buzzing around a flowering garden,nature,medium
85,Alien spacecraft landing including strange emissions,sci-fi,high
86,School bell ringing together with hallway commotion,everyday,medium
87,Peaceful night crickets plus infrequent owl hoots,nature,medium
88,Casino slot machines dinging also paying out coins,entertainment,high
89,Foot falls crunching through fresh snow,weather,low
90,Microwave oven buzzing plus beeping,everyday,low
91,Distant crash throughout a gentle rainfall shower,weather,medium
92,Straining rocking chair covering an old porch,nostalgic,low
93,Church organ playing a somber hymn,spiritual,medium
94,Spitting bonfire with people singing folk songs,social,medium
95,Seagulls calling over a harbor together with boat bells,nautical,medium
96,Horse-drawn carriage on cobblestone streets,historical,medium
97,Motor car driving through puddles after rainfall,transportation,medium
98,Aged grandfather timer marking time inside a quiet room,vintage,low
99,Windshield wipers covering high while strong downpour,transportation,medium
100,Glass draft chimes tinkling in a soft breeze,ambient,low
101,Bubbling cauldron among a witch's cabin,fantasy,medium
102,Peaceful country morning including roosters crowing,rural,medium
103,Steel drums playing a Caribbean melody,music,medium
104,Water dripping in an echoing cavern,nature,medium
105,Fast-paced typing on a laptop key set,technology,low
106,Snapping of a vintage vinyl record before music,vintage,low
107,Baby laughing as well as cooing happily,human,low
108,Marching band practicing in a far-off field,music,high
109,Intense thunderstorm including close lightning strikes,weather,high
110,Construction site together with jackhammers in addition to machinery,industrial,high
111,Bowling ball rolling down lane and hitting pins,sports,medium
112,Mild night downpour accompanied by frogs croaking,nature,medium
113,Tennis match together with grunts also ball hits,sports,medium
114,Dinner party with clinking glasses and chatter,social,medium
115,Chalk writing above an old blackboard,nostalgic,low
116,Summer picnic with detached amusement coupled with breeze,social,medium
117,Timeworn western saloon featuring piano and boot steps,historical,medium
118,Skateboarder riding across concrete plus jumps,sports,medium
119,Medieval blacksmith hammering hot metal,historical,medium
120,Dog panting after playing fetch within a park,animals,low
121,Scuba diving comprising respiration apparatus bubbles,adventure,medium
122,Winter night with air movement whistling through trees,weather,medium
123,Secluded metro whistle across open countryside,transportation,medium
124,Automatic sprinklers starting amidst a garden,everyday,low
125,Smartphone tolling among an empty work setting,ambient,low
126,Retro video game sounds from an arcade,nostalgic,medium
127,Clocks counting while different tempos amid a clock shop,ambient,medium
128,Heavy precipitation hitting a canvas tent,weather,medium
129,Orchestra tuning prior to a performance,music,high
130,Autumn vegetation crunching underfoot,nature,low
131,Timeworn cash register opening featuring bell ring,vintage,low
132,Elevator doors opening alongside closing with ding,everyday,low
133,Bacon sizzling during a frying pan,cooking,low
134,Cricket match together with bat hits also assembly reactions,sports,medium
135,Whale breaching the aquatic realm surface featuring splash,animals,medium
136,Space station ambient buzzing also beeps,sci-fi,medium
137,Youngsters engaging amid snow accompanied by amusement,human,medium
138,Bagpipes playing a traditional Scottish tune,cultural,medium
139,Ballroom dance plus orchestra plus foot falls,social,high
140,Pulse slowly increasing amid pace,medical,low
141,Wolves howling within a moonlit timberland,animals,medium
142,Summer rainstorm approaching together with distant thunder,weather,medium
143,Monastery bells calling for prayer,spiritual,medium
144,Crystal glasses clinking among a toast,celebration,low
145,Tennis ball appliance firing balls repeatedly,sports,medium
146,Vinyl record needle drop accompanied by initial crackle,vintage,low
147,Old steam locomotive chugging together with whistling,transportation,medium
148,Whispering wind by way of tall grass prairie,nature,medium
149,Fox hunt plus warning sounds in addition to galloping horses,historical,high
150,Cat meowing for attention or food,animals,low
151,Electric bass guitar working a funky riff,music,medium
152,Walking amidst deep snow with squeaky footsteps,weather,low
153,Sci-fi processor terminal plus typing and beeps,sci-fi,medium
154,Quill pen scratching atop parchment,historical,low
155,Detached siren progressively getting closer,emergency,medium
156,Business space environment comprising typing in addition to phone calls,workplace,medium
157,Fantasy tavern with bards running and patrons talking,fantasy,high
158,Ice cracking atop a frozen lake,nature,medium
159,Small rivulet bubbling over rocks in a meadow,nature,medium
160,Basketball bouncing covering court plus squeaking shoes,sports,medium
161,Delicate waters surf amid night comprising far-off lighthouse foghorn,nautical,medium
162,Popping fire pit alongside storyteller speaking softly,social,medium
163,Medieval jousting tournament including gathering cheers,historical,high
164,Purring cat sleeping above a windowsill amid rain,animals,medium
165,Desert air movement blowing sand against tent canvas,nature,medium
166,Chopping vegetables on a wooden cutting board,cooking,low
167,Carousel music at an amusement park,entertainment,medium
168,Retro pinball gadget with flippers as well as bells,nostalgic,medium
169,Whispering voices in an ancient tomb,horror,medium
170,Horse-drawn sleigh with bells in snow,historical,medium
171,Group meditation including synchronized respiration,spiritual,medium
172,Ancient movie projector clicking with film soundtrack,vintage,medium
173,Mild zephyr along bamboo forest,nature,medium
174,Electric guitar amplifier feedback alongside distortion,music,medium
175,Snowy night together with distant wolf howls,nature,medium
176,Analog synthesizer creating ambient soundscape,electronic,medium
177,Morning flyers at dawn during springtime,nature,medium
178,Rotary aircraft search and rescue operation,emergency,high
179,Pool balls colliding during a game,sports,medium
180,Vintage radio tuning between stations,vintage,medium
181,Drizzle hitting large tropical fronds within jungle,nature,medium
182,Sharpening a knife on a whetstone,everyday,low
183,Child splashing amidst puddles with rubber boots,human,low
184,Frantic shopping mall in the course of holiday season,social,high
185,Sailboat including flapping sails and water against hull,nautical,medium
186,Haunted mansion comprising creaking floors also detached moans,horror,medium
187,Analog alarm timer tocking and ringing,everyday,low
188,Cat purring while kneading a soft blanket,animals,low
189,Crackling paper as pages turn inside book,ambient,low
190,Lively highway automobiles from distance,urban,medium
191,Blacksmith hammering red-hot metal over anvil,historical,medium
192,Sparking electricity amidst a mad scientist lab,sci-fi,medium
193,Horse trotting over cobblestone street,historical,medium
194,Rowdy sports bar in the course of a big game,social,high
195,Children opening presents together with excitement,celebration,medium
196,Freight metro passing by comprising horn blasts,transportation,medium
197,Steps on gravel path in faint garden,ambient,low
198,Roller coaster with screams also mechanical sounds,entertainment,high
199,Windmill grating as blades turn inside strong breeze,rural,medium
200,Archaic western town together with distant piano music,historical,medium
201,Ambient hum of a submarine interior,transportation,medium
202,Cuckoo clock striking the hour,vintage,medium
203,Soccer match featuring referee whistle and crowd,sports,high
204,Air current howling through abandoned building,horror,medium
205,Busy eatery kitchen for the duration of service,workplace,high
206,Arboretum creatures at night with owl hoots,nature,medium
207,Orchestra performing classical symphony,music,high
208,Pouring rain against a car roof while driving,weather,medium
209,Traditional Native American drum circle,cultural,medium
210,Ancient phonograph playing scratchy jazz record,vintage,medium
211,Rocket countdown and powerful launch,sci-fi,high
212,Monks chanting amidst a stone monastery,spiritual,medium
213,Crackling bonfire together with ghost stories,horror,medium
214,Dinner table exchange featuring family,social,medium
215,Bicycle bell ringing across bustling bike path,transportation,low
216,Water boiling within a kettle whistling,everyday,low
217,Rhythmic printing press in operation,industrial,medium
218,Mountain brook including infrequent fish jumps,nature,medium
219,Playground swings squeaking back also forth,nostalgic,low
220,Typing across old mechanical typewriter,vintage,medium
221,Ice skates carving across frozen pond,sports,medium
222,Blacksmith hammering as well as quenching hot metal,historical,medium
223,Baby giggling amid peek-a-boo game,human,low
224,Geese honking as they fly overhead,animals,medium
225,Old film projector sprinting amid cinema,vintage,medium
226,Cave together with water droplets in addition to distant echoes,nature,medium
227,Cash register drawer opening with bell,vintage,low
228,Ancient temple with draft amidst stone corridors,historical,medium
229,Copter hovering up high,transportation,medium
230,Whale songs in bottomless briny deep,animals,medium
231,Draft chimes during soothing summer breeze,ambient,low
232,Lively fish exchange together with vendors calling,social,high
233,Analog synthesizer creating sci-fi atmosphere,electronic,medium
234,Walking by way of dense copse undergrowth,nature,medium
235,Stadium crowd doing the wave at sporting event,social,high
236,Sizzling logs amid stone fireplace for the duration of winter,ambient,medium
237,Subway metro arriving amid station with announcement,transportation,medium
238,Antique pocket watch ticking mechanism,vintage,low
239,Cat purring alongside kneading across blanket,animals,low
240,Basketball game with squeaking shoes together with bouncing ball,sports,medium
241,Breeze rushing across canyon walls,nature,medium
242,Antique fashioned typewriter plus bell for end of line,vintage,medium
243,Beehive humming including activity,nature,medium
244,Grandfather chronometer pendulum swinging,vintage,low
245,Marching band engaging in parade,music,high
246,Bowling alley ambient sounds,sports,high
247,Ornithes taking flight suddenly from trees,nature,medium
248,Video arcade from the 1980s,nostalgic,high
249,Horse galloping across open field,animals,medium
250,Rain atop windshield plus wipers jogging,transportation,medium
251,Electric guitar with heavy distortion solo,music,medium
252,Bonfire popping in the course of beach party,social,medium
253,Heavy footsteps during empty hallway amid night,horror,medium
254,Carnival merry-go-round music and laughter,entertainment,high
255,Fox barking amid moonlit woods,animals,medium
256,Copter rescue operation amid mountains,emergency,high
257,Chopping wood for winter fireplace,rural,medium
258,Tennis match with grunts and ball hits,sports,medium
259,Haunted home featuring ghostly whispers,horror,medium
260,Aged west saloon piano playing ragtime,historical,medium
261,Sand timer together with grains falling slowly,ambient,low
262,Bubbling scientific experiment in laboratory,sci-fi,medium
263,Bat echolocation sounds during cave,animals,medium
264,Monks chanting in Tibetan monastery,spiritual,medium
265,Vinyl record crackle before jazz music,vintage,medium
266,Soccer stadium together with chanting fans,sports,high
267,Thunderstorm together with prominent downpour covering covering,weather,high
268,Ice cracking on frozen lake throughout spring,nature,medium
269,Cash register bonging up sales,vintage,low
270,Heart monitor beeping within hospital room,medical,low
271,Howling blizzard around mountain cabin,weather,high
272,Frying eggs covering hot skillet,cooking,low
273,Bowling ball rolling down lane coupled with hitting pins,sports,medium
274,Traditional Japanese tea ceremony,cultural,medium
275,Horse-drawn carriage on country road,historical,medium
276,Bubbling creek alongside ornithes chirping,nature,medium
277,Mechanical pocket watch tocking,vintage,low
278,Ancient stone door grinding open,fantasy,medium
279,Coffee percolator bubbling over stove,cooking,low
280,Ambient sounds of tropical rainforest,nature,high
281,Smartphone ringing in empty office edifice,ambient,low
282,Crinkling fire with storyteller speaking,social,medium
283,Orchestra tuning instruments in advance of concert,music,high
284,Dog barking in the course of mailman approaching,animals,low
285,Popcorn popping in kettle,cooking,low
286,Drawbridge mechanism raising with chains,mechanical,medium
287,Morning in countryside with rooster crowing,rural,medium
288,Theremin frolicking eerie melody,electronic,medium
289,Indoor swimming pool echoes coupled with splashes,sports,medium
290,Horses pulling stagecoach above dirt road,historical,medium
291,Spitting static on historic radio,vintage,medium
292,Birds chirping within spring garden,nature,medium
293,Squall approaching featuring faint rumbles,weather,medium
294,Blacksmith forge with hammer as well as bellows,historical,medium
295,Summer shower above garden leaf cover,weather,medium
296,Church bells ringing across village,cultural,medium
297,Carousel music while night carnival,entertainment,medium
298,Casino slot machines in addition to ambient chatter,entertainment,high
299,Cat purring by snapping fireplace,animals,medium
300,Chainsaw cutting through fallen tree,tools,medium
301,Chalk writing over blackboard in quiet classroom,nostalgic,low
302,Champagne cork popping at celebration,celebration,low
303,Minors jumping amid pile of autumn foliage,nostalgic,medium
304,Christmas morning plus paper unwrapping,celebration,medium
305,Cicadas singing on hot summer evening,nature,medium
306,Circus performance alongside multitude reactions,entertainment,high
307,Classical string quartet throughout marble hall,music,medium
308,Classroom plus teacher and student interactions,social,medium
309,Timer tower striking noon over municipality square,urban,medium
310,Closing metal vault door with echo,mechanical,medium
311,Coffee shop ambient noise with espresso appliance,social,medium
312,Cold winter wind whistling through bare trees,weather,medium
313,Processor server room together with fans alongside hard drives,technology,medium
314,Concert hall audience applauding,social,medium
315,Construction site accompanied by jackhammer coupled with crane,industrial,high
316,Cooking bacon amidst cast iron skillet,cooking,low
317,Coral reef underwater with bubbles plus fish,nature,medium
318,Corks popping during wine tasting event,celebration,medium
319,Country creek comprising frogs coupled with crickets,nature,medium
320,Cow mooing amidst barn with hay swishing,rural,low
321,Crackling campfire plus owl hooting,nature,medium
322,Crackling ice among glass of whiskey,ambient,low
323,Squealing door within forsaken mansion,horror,low
324,Creaking floors in archaic Victorian habitat,horror,low
325,Creaking rocking chair over wooden porch,nostalgic,low
326,Cricket match alongside bat hits in addition to commentary,sports,medium
327,Crickets calling over summer evening,nature,low
328,Multitude cheering for football touchdown,sports,high
329,Crowd murmuring in advance of theater performance,social,medium
330,Crying baby steadily calming down,human,medium
331,Crystal glasses clinking in toast,celebration,low
332,Cuckoo horologe announcing noon,vintage,low
333,Dance club with electronic music as well as crowd,social,high
334,Strong space ambient together with rare transmission,sci-fi,medium
335,Desert wind amidst canyon with hawk cry,nature,medium
336,Dice rolling across wooden table amid game,entertainment,low
337,Diesel railway engine idling when station,transportation,medium
338,Digital siren timekeeping device beeping persistently,everyday,low
339,Dining hall with silverware and conversation,social,medium
340,Dinner party accompanied by guffaws together with glasses clinking,social,medium
341,Detached ambulance siren approaching,emergency,medium
342,Distant avalanche in mountain range,nature,high
343,Faint carnival sounds across night field,entertainment,medium
344,Isolated church bells on Sunday morning,cultural,medium
345,Faint factory whistle signaling end of shift,industrial,medium
346,Distant fireworks covering fourth of July,celebration,medium
347,Distant foghorn upon misty harbor,nautical,medium
348,Far-off gunfire over battlefield,historical,high
349,Remote helo approaching progressively,transportation,medium
350,Isolated rumble in the course of faint rain,weather,medium
351,Distant train whistle across prairie,transportation,medium
352,Remote volcano rumbling earlier than eruption,nature,high
353,Diving moving to swimming pool together with underwater sounds,sports,medium
354,Dog barking excitedly at squirrel,animals,low
355,Dog panting post performing fetch,animals,low
356,Dog shaking water off after swimming,animals,low
357,Dogs playing as well as wrestling covering grass,animals,medium
358,Dolphins clicking and whistling underwater,animals,medium
359,Door cracking open within haunted dwelling,horror,low
360,Drawbridge mechanisms raising plus chains,mechanical,medium
361,Dripping faucet in still bathroom,everyday,low
362,Dripping water inside cave with echoes,nature,medium
363,Drone of airplane engines in the course of flight,transportation,medium
364,Dropping ice cubes heading to glass,everyday,low
365,Drum circle in public park,music,medium
366,Drumming fingers over wooden table,human,low
367,Duck quacking throughout pond edge,animals,low
368,Ducks landing covering pond with water splashes,animals,medium
369,Electric fan oscillating during muted room,everyday,low
370,Electric guitar being tuned,music,low
371,Electric saw cutting wood,tools,medium
372,Electric shaver buzzing,everyday,low
373,Electric toothbrush sprinting,everyday,low
374,Electronic cash register scanning items,everyday,low
375,Electronic door lock with keypad beeps,technology,low
376,Electronic music with synthetic beats,music,medium
377,Elevator arriving with bell also doors opening,everyday,low
378,Elevator music in department store,ambient,low
379,Empty concert hall including remote piano notes,ambient,medium
380,Empty playground swings squealing among zephyr,eerie,medium
381,Engine room of large ship at sea,transportation,high
382,Espresso device steaming milk,cooking,low
383,Evening cicadas coupled with crickets inside summer,nature,medium
384,Excited dog greeting returning owner,animals,medium
385,Explosive thunderclap in the midst of storm,weather,medium
386,Factory assembly line featuring conveyor belt,industrial,high
387,Falling raindrops upon window pane,weather,low
388,Farm animals waking when dawn,rural,medium
389,Quick passing channel within mountain gorge,nature,medium
390,Fast-paced footsteps running across pavement,action,medium
391,Fax contrivance sending document,vintage,medium
392,Ferris wheel during night carnival,entertainment,medium
393,Field of wheat crinkling among breeze,nature,medium
394,Film projector running in empty theater,vintage,medium
395,Finale of fireworks display,celebration,high
396,Fire warning clanging throughout establishment,emergency,medium
397,Fire truck siren approaching emergency,emergency,medium
398,Fireplace fizzing on winter evening,ambient,medium
399,Fireworks exploding in celebration,celebration,medium
400,Fish tank bubbler coupled with filter running,ambient,low
401,Fishing boat diesel engine idling,nautical,medium
402,Fishing line casting alongside reel spinning,sports,low
403,Fitness class with instructor coupled with music,sports,medium
404,Fizzing soda being poured into glass,everyday,low
405,Flamenco dancers featuring castanets alongside footwork,cultural,medium
406,Flashbulbs popping throughout press conference,media,medium
407,Flipping through pages of newspaper,everyday,low
408,Flowing river plus rushing rapids,nature,medium
409,Flute playing solo melody amidst empty hall,music,medium
410,Winging insects buzzing around porch light,nature,low
411,Fog horn blowing amid harbor mist,nautical,medium
412,Footsteps approaching over wooden floor,ambient,low
413,Paces crunching inside fresh snow,weather,low
414,Paces echoing amidst empty corridor,eerie,low
415,Steps among dry autumn fronds,nature,low
416,Footsteps on gravel path in garden,ambient,low
417,Stride sounds running up wooden staircase,action,low
418,Woodland after rainfall accompanied by dripping leaves,nature,medium
419,Forest while dusk with owl hooting,nature,medium
420,Copse fire crinkling through underbrush,nature,high
421,Formula 1 race cars passing by,sports,high
422,Fox hunting horn across autumn field,historical,medium
423,Freezer door opening with frost cracking,everyday,low
424,French cafe featuring accordion music,cultural,medium
425,Frog chorus at pond edge in the course of twilight,nature,medium
426,Frontier town plus horses coupled with wagon,historical,medium
427,Frying bacon in pan accompanied by sizzling,cooking,low
428,Funeral procession plus solemn music,spiritual,medium
429,Furious downpour accompanied by massive rain,weather,high
430,Futuristic urban area including soaring vehicles,sci-fi,high
431,Futuristic PC interface comprising beeps,sci-fi,medium
432,Galloping horse across open meadow,animals,medium
433,Game show audience applauding answer,entertainment,medium
434,Garage door opening automatically,everyday,low
435,Garden party with conversations coupled with music,social,medium
436,Gas stove burner igniting,everyday,low
437,Geese honking during migration,animals,medium
438,Soft brook amid forest clearing,nature,medium
439,Tranquil maritime domain billows on sandy beach,nature,medium
440,Gentle drizzle over tent while camping,weather,medium
441,Soft rill moving across meadow,nature,medium
442,Gentle zephyr amidst pine woods,nature,medium
443,Ghost town including zephyr through empty buildings,eerie,medium
444,Glass breaking in deliberate motion,effects,medium
445,Glass shattering upon hard floor,effects,low
446,Glassblower working together with molten glass,crafts,medium
447,Glasses clinking within celebration toast,celebration,low
448,Grandfather timepiece striking midnight,vintage,medium
449,Grasshoppers calling in summer field,nature,low
450,Gravel crunching under auto tires,transportation,low
451,Group meditation together with ohm chanting,spiritual,medium
452,Guitar being carefully tuned,music,low
453,Gull cries over harbor together with boat bells,nautical,medium
454,Gym workout including weights coupled with respiration,sports,medium
455,Hair dryer running upon high setting,everyday,low
456,Halloween party featuring monster sounds,celebration,medium
457,Hammer hitting nail into wood,tools,low
458,Hammock swinging featuring rope moaning,ambient,low
459,Hand cranked ice cream maker,vintage,low
460,Hand washing dishes in sink,everyday,low
461,Harbor accompanied by boat blares and gulls,nautical,medium
462,Harp glissando inside concert hall,music,medium
463,Haunted home attraction plus screams,entertainment,high
464,Haunting violin solo in empty church,music,medium
465,Intense cloudburst hitting window panes,weather,medium
466,Prominent downpour on canvas tent,weather,medium
467,Substantial snowfall with muffled municipality sounds,weather,medium
468,Heavy storm comprising zephyr and precipitation,weather,high
469,Copter blades whirring overhead,transportation,medium
470,Hens clucking during chicken coop,rural,medium
471,High heel shoes strolling against marble floor,everyday,low
472,High mountain breeze along rocky peaks,nature,medium
473,High school band practicing within distance,music,medium
474,High school hallway between classes,social,high
475,High speed train passing by station,transportation,high
476,Highway motorists from pedestrian bridge,urban,medium
477,Hiking boots covering rocky mountain trail,adventure,low
478,Hockey game alongside stick slaps plus congregation,sports,high
479,Home printer scanning in addition to printing,technology,low
480,Horse carriage over cobblestone pathway,historical,medium
481,Horse galloping across open field,animals,medium
482,Horse neighing and stomping amid stable,animals,medium
483,Horse trotting on dirt path,animals,medium
484,Hospital corridor amid night together with occasional pages,medical,medium
485,Hot air balloon burner firing,adventure,medium
486,Hotel lobby alongside subdued piano music,social,medium
487,Habitat construction with hammering as well as sawing,industrial,high
488,Hovercraft propulsion system and water spray,transportation,medium
489,Howling wind in the midst of winter blizzard,weather,high
490,Whirring refrigerator amidst quiet kitchen,everyday,low
491,Hushed museum gallery with irregular whispers,social,low
492,Hydraulic press crushing objects,industrial,medium
493,Ice cream truck melody in suburb,nostalgic,medium
494,Ice cracking covering frozen lake,nature,medium
495,Ice cubes being dropped en route to glass,everyday,low
496,Ice hockey puck and stick impacts,sports,medium
497,Ice skating rink comprising blades against ice,sports,medium
498,Icicles melting in addition to dripping,weather,low
499,Industrial elevator machinery operating,industrial,medium
500,Industrial factory comprising machinery dashing,industrial,high
501,Inside car over the course of prominent rainstorm,weather,medium
502,Inside medieval blacksmith shop,historical,medium
503,Inside moving elevator alongside mechanical sounds,everyday,low
504,Inside submarine with sonar pings,transportation,medium
505,Inside tent while rainstorm,weather,medium
506,Jazz club featuring saxophone solo,music,medium
507,Jet airliner taking off nearby,transportation,high
508,Jet ski racing across water,sports,medium
509,Jewelry box together with ballerina turning,vintage,low
510,Jungle at night with exotic animal sounds,nature,high
511,Kettle beginning to whistle upon stove,everyday,low
512,Key turning throughout old door lock,everyday,low
513,Key set typing including mechanical switches,technology,low
514,Kids working amid swimming pool,social,medium
515,Kitchen throughout busy dinner preparation,cooking,medium
516,Kitten meowing for attention,animals,low
517,Knitting needles clicking together,crafts,low
518,Lake waves lapping against dock,nature,medium
519,Large audience applauding performance,social,high
520,Large cathedral with echoing treads,spiritual,medium
521,Large assembly chanting amid protest,social,high
522,Large throng singing national anthem,social,high
523,Large grandfather chronometer tocking,vintage,low
524,Large industrial fan during warehouse,industrial,medium
525,Large metal gate closing alongside locking,mechanical,medium
526,Large office with typing also phones,workplace,high
527,Large tides smashing covering rocky shore,nature,high
528,Laser printer printing document,technology,low
529,Laundromat including washing machines dashing,everyday,medium
530,Lawn mower sprinting amidst suburban yard,everyday,medium
531,Lawn sprinklers running in morning,everyday,low
532,Leaves rustling in autumn breeze,nature,low
533,Library accompanied by occasional page turning,ambient,low
534,Faint aircraft powerplant starting,transportation,medium
535,Delicate precipitation falling on calm lake,weather,medium
536,Mild rainfall upon greenhouse shelter,weather,medium
537,Lightning strike with immediate thunderclap,weather,high
538,Lions roaring in savanna distance,animals,medium
539,Live auction featuring fast-talking auctioneer,social,high
540,Loading dock featuring trucks alongside forklifts,industrial,high
541,Locomotive steam engine starting,transportation,high
542,Log cabin fireplace spitting in winter,ambient,medium
543,Logging operation with chainsaws,industrial,high
544,Loom weaving fabric within textile mill,industrial,medium
545,Lullaby music box engaging slowly,nostalgic,low
546,Lumber being cut at sawmill,industrial,high
547,Appliance gun firing rapidly,action,high
548,Magic spell casting accompanied by mystical sounds,fantasy,medium
549,Magical forest together with ethereal sounds,fantasy,medium
550,Magician performing including audience gasps,entertainment,medium
551,Mail slot accompanied by letters dropping amidst,everyday,low
552,Mall square including vendors calling,social,high
553,Martial arts training session,sports,medium
554,Match being struck also lighting,everyday,low
555,Mechanical timer winding up,vintage,low
556,Mechanical metronome pulsing steadily,music,low
557,Mechanical toy robot treading,vintage,low
558,Meditative singing bowl being struck,spiritual,low
559,Melting ice cream dripping above hot day,ambient,low
560,Metal detector beeping amid treasure,adventure,low
561,Metal gate squeaking open slowly,ambient,low
562,Metal workshop alongside grinding and welding,industrial,high
563,Metronome marking time at moderate tempo,music,low
564,Microwave oven speeding and beeping,everyday,low
565,Military boots marching throughout formation,historical,medium
566,Military jet winging aloft,transportation,high
567,Military parade alongside marching band,cultural,high
568,Milk being poured in the direction of cereal bowl,everyday,low
569,Mining operation with drilling,industrial,high
570,Misty mountain forest while dawn,nature,medium
571,Mixing cocktail amid shaker,social,low
572,Mobile communicator vibrating against wooden table,technology,low
573,Model metro set running on tracks,hobby,medium
574,Modern art gallery with hushed voices,social,low
575,Modern office with computers and phones,workplace,medium
576,Monastery bells calling to prayer,spiritual,medium
577,Monday morning construction site,industrial,high
578,Monkey chattering within rainforest,animals,medium
579,Monorail express passing up high,transportation,medium
580,Morning birdsong within spring garden,nature,medium
581,Morning coffee brewing among equipment,everyday,low
582,Morning commute above lively highway,transportation,high
583,Morning amidst countryside farmyard,rural,medium
584,Morning during suburbs featuring paper delivery,everyday,medium
585,Morse code being tapped out,communication,low
586,Mosquito buzzing near ear while night,animals,low
587,Motorcycle engine starting coupled with idling,transportation,medium
588,Motorcycle passing by with thunderous prime mover,transportation,medium
589,Mountain avalanche among distance,nature,high
590,Mountain goats atop rocky slopes,animals,medium
591,Mountain brook with small plunge,nature,medium
592,Mouse clicking rapidly in the course of gaming,technology,low
593,Movie theater audience reactions,social,high
594,Moving box including dishes rattling inside,everyday,medium
595,Multiple signal clocks jingling,everyday,medium
596,Museum with hushed voices coupled with footsteps,social,medium
597,Music box engaging soft lullaby,vintage,low
598,Musical saw being played hauntingly,eerie,medium
599,Nail gun firing into wood repeatedly,tools,medium
600,Native American drumming ceremony,cultural,medium
601,Nature documentary narrator voice,media,medium
602,Neon sign resonating in rainy night,urban,low
603,Night club including DJ and dancing congregation,social,high
604,Night insects amidst summer garden,nature,medium
605,Night emporium featuring food vendors,social,high
606,Night sounds of desert with coyotes,nature,medium
607,Night transit vehicle passing along countryside,transportation,medium
608,Nightingale singing among moonlit garden,nature,medium
609,Nighttime metropolis ambience including isolated sirens,urban,medium
610,Nighttime forest with cricket chorus,nature,medium
611,Nighttime jungle accompanied by exotic creatures,nature,high
612,Nighttime ocean swells on waterfront,nature,medium
613,Nighttime electrical storm approaching,weather,high
614,Noisy food venue kitchen while service,workplace,high
615,Nostalgic ice cream truck melody,nostalgic,medium
616,Ocean liner horn blasting,nautical,medium
617,Deep surf impacting over rocky coast,nature,high
618,Aquatic realm breakers gently lapping sandy shore,nature,medium
619,Office cubicle featuring typing as well as phones,workplace,medium
620,Headquarters paper shredder racing,workplace,low
621,Office printer scanning documents,workplace,low
622,Work environment workers discussing project,workplace,medium
623,Antique boat creaking during dock,nautical,medium
624,Vintage transport propellant struggling to start,transportation,medium
625,Archaic cash register plus mechanical keys,vintage,medium
626,Archaic fashioned popcorn apparatus popping,vintage,medium
627,Old fashioned typewriter together with bell,vintage,medium
628,Vintage grandfather horologe sounding,vintage,low
629,Ancient manual camera shutter clicking,vintage,low
630,Old movie film projector racing,vintage,medium
631,Antique music box playing melody,vintage,low
632,Ancient phonograph playing scratchy record,vintage,medium
633,Old pocket watch sounding mechanism,vintage,low
634,Aged radio tuning between stations,vintage,medium
635,Old school bell ringing,nostalgic,medium
636,Old steam locomotive chugging,transportation,high
637,Timeworn telephone rotary dial spinning,vintage,low
638,Vintage western saloon together with piano running,historical,medium
639,Old windmill moaning in breeze,rural,medium
640,Ancient wooden boat squeaking atop water,nautical,medium
641,Ancient wooden wooden floors straining,ambient,low
642,Olympic swimming competition comprising gathering,sports,high
643,Opening champagne bottle featuring pop,celebration,low
644,Orchestra conductor tapping baton,music,low
645,Orchestra tuning in front of performance,music,high
646,Organ running amidst cathedral,spiritual,medium
647,Outdoor cafe with street musicians,social,medium
648,Outdoor concert accompanied by applause,social,high
649,Outdoor festival alongside multiple sounds,social,high
650,Outdoor mall with vendors calling,social,high
651,Outdoor wedding ceremony featuring vows,celebration,medium
652,Overflowing bathtub alongside water splashing,everyday,medium
653,Owl hooting throughout dark arboretum,nature,low
654,Paddling canoe amid still water,adventure,low
655,Pages turning inside large book,ambient,low
656,Paintball game including markers firing,sports,medium
657,Paper being crumpled toward ball,everyday,low
658,Paper being torn slowly,everyday,low
659,Paper money being counted by hand,everyday,low
660,Paper shredder destroying documents,workplace,low
661,Parachute opening in the midst of skydive,adventure,medium
662,Party balloons popping,celebration,medium
663,Passing cars on wet road following cloudburst,transportation,medium
664,Passing public transport locomotive underground,transportation,high
665,Peaceful meadow together with subtle breeze,nature,low
666,Pen writing atop paper throughout subdued room,ambient,low
667,Pencil scratching upon paper,everyday,low
668,Pendulum timepiece swinging rhythmically,vintage,low
669,Person wind during meditation,spiritual,low
670,Person drinking amidst straw,everyday,low
671,Person humming while cooking,human,low
672,Person laughing heartily,human,low
673,Person snoring loudly,human,low
674,Person typing over laptop input mechanism,technology,low
675,Person pacing through resonant snow,weather,low
676,Person whistling happy tune,human,low
677,Piano being tuned including key hits,music,medium
678,Piano playing soft melody,music,medium
679,Pickup truck driving over gravel road,transportation,medium
680,Picnic in park including faraway children,social,medium
681,Pigeons cooing throughout cityscape square,urban,low
682,Pinball contrivance accompanied by bells alongside flippers,entertainment,medium
683,Pine arboretum amid subtle breeze,nature,medium
684,Ping pong ball bouncing across table,sports,low
685,Pirate ship battle together with cannons,historical,high
686,Pizza restaurant comprising brick oven,social,medium
687,Plane taking off from airport runway,transportation,high
688,Play zone accompanied by children performing,social,medium
689,Plucking guitar strings one by one,music,low
690,Pneumatic drill against construction site,industrial,high
691,Police vehicle siren approaching,emergency,medium
692,Pool balls colliding amid game,sports,medium
693,Popcorn popping within microwave,cooking,low
694,Popping bubble wrap slowly,everyday,low
695,Pouring cereal moving to empty bowl,everyday,low
696,Pouring champagne moving to glass,celebration,low
697,Pouring coffee toward ceramic mug,everyday,low
698,Pouring cloudburst amid thunderstorm,weather,high
699,Pouring shower above metal rooftop,weather,medium
700,Prayer bells ringing inside temple,spiritual,medium
701,Pressure cooker releasing steam,cooking,medium
702,Professional kitchen in the midst of service,workplace,high
703,Public pool alongside swimmers also echoes,sports,high
704,Public speaking alongside microphone feedback,social,medium
705,Pulling cork from wine bottle,everyday,low
706,Puppies engaging and barking,animals,medium
707,Purring cat covering windowsill,animals,low
708,Barely audible bar with jazz playing softly,social,medium
709,Quiet beach while sunrise together with gulls,nature,medium
710,Muted bookstore together with periodic page turns,ambient,low
711,Hushed coffee shop comprising light music,social,medium
712,Subdued country church service,spiritual,medium
713,Silent forest following fresh snowfall,nature,low
714,Subdued hospital corridor amid night,medical,medium
715,Quiet library accompanied by intermittent whispers,social,low
716,Subdued night with cricket sounds,nature,low
717,Still headquarters with keyboard typing,workplace,medium
718,Faint park alongside secluded children working,social,medium
719,Faint suburban boulevard in the course of night,urban,low
720,Race cars throughout starting line revving,sports,high
721,Racing heart thump gradually slowing,medical,low
722,Radio being tuned between stations,technology,low
723,Radio playing throughout distant room,ambient,low
724,Radio static accompanied by irregular voices,communication,medium
725,Rain beginning to fall on hushed lane,weather,medium
726,Rain falling on autumn leaves,weather,medium
727,Rain falling covering car windshield,weather,medium
728,Rainfall falling atop metal roof,weather,medium
729,Rain falling against tent while camping,weather,medium
730,Rainfall woodland featuring exotic bird calls,nature,high
731,Precipitation gently falling atop umbrella,weather,low
732,Cloudburst increasing from drizzle to downpour,weather,medium
733,Rainfall on windowpane in the course of night,weather,medium
734,Railroad crossing signal with train,transportation,high
735,Railway station with transit vehicle announcements,transportation,high
736,Rapids in wilderness river,nature,high
737,Recording studio featuring sound checks,music,medium
738,Refrigerator whirring amid still kitchen,everyday,low
739,Remote cabin featuring zephyr and wildlife,nature,medium
740,Restaurant kitchen amid dinner rush,workplace,high
741,Restless maritime domain during approaching storm,weather,high
742,Riding horse throughout shallow creek,animals,medium
743,Riding lawn mower cutting grass,everyday,medium
744,Riding motorcycle on empty highway,transportation,medium
745,Rifle firing at shooting range,sports,medium
746,Flow rapids through rocky gorge,nature,high
747,Robot servo motors moving precisely,sci-fi,medium
748,Rock concert with cheering throng,music,high
749,Rock slide down mountain slope,nature,high
750,Rocket launch countdown as well as ignition,sci-fi,high
751,Rocking chair grating across porch,nostalgic,low
752,Roller coaster accompanied by screaming riders,entertainment,high
753,Roller skating rink together with music,sports,medium
754,Rolling thunder behind lightning,weather,medium
755,Rolling boom approaching storm,weather,medium
756,Rollercoaster climbing chain lift,entertainment,medium
757,Roosters crowing throughout dawn upon farm,rural,medium
758,Rope swing over lake plus splash,adventure,medium
759,Rotary communicator dialing coupled with bonging,vintage,low
760,Rowing boat with oars in water,nautical,low
761,Royal fanfare with trumpets,historical,medium
762,Rugby match with referee whistle,sports,high
763,Running dishwasher cycle,everyday,medium
764,Jogging on treadmill at gym,sports,medium
765,Jogging water inside bathroom sink,everyday,low
766,Rushing mountain run accompanied by ornithes,nature,medium
767,Murmuring paper gift wrapping,celebration,low
768,Rusty gate swinging inside wind,ambient,low
769,Sailboat with draft in sails,nautical,medium
770,Sand pouring amidst hourglass,ambient,low
771,Sand timer with grains falling,ambient,low
772,Sandpaper sanding wood surface,crafts,low
773,Saxophonist playing among subway tunnel,music,medium
774,School bell chiming between classes,everyday,medium
775,School cafeteria throughout lunch hour,social,high
776,School classroom with teacher lesson,social,medium
777,School play space for the duration of recess,social,high
778,Scissors cutting amid paper,everyday,low
779,Scrabble tiles being shuffled,entertainment,low
780,Scratching record above turntable,music,low
781,Scuba diving with respiration apparatus,adventure,medium
782,Sea gulls calling over harbor,nautical,medium
783,Seagulls fighting over food,animals,medium
784,Search and rescue chopper,emergency,high
785,Seashell comprising ocean sounds,nature,low
786,Seaside boardwalk accompanied by carnival,entertainment,high
787,Serene spa featuring water features,ambient,medium
788,Sewing equipment running steadily,crafts,low
789,Shaking dice during cup before roll,entertainment,low
790,Shaking maracas rhythmically,music,low
791,Shamanic drumming ceremony,spiritual,medium
792,Sharpening knife against whetstone,everyday,low
793,Sharpening pencil featuring manual sharpener,everyday,low
794,Sheep bleating among field,rural,medium
795,Ship creaking in rough seas,nautical,medium
796,Ship foghorn throughout harbor mist,nautical,medium
797,Ship's bell ringing on deck,nautical,medium
798,Shopping cart rolling across parking lot,everyday,low
799,Shopping mall amid holiday season,social,high
800,Short circuit comprising electrical sparks,effects,medium
801,Shower jogging in bathroom,everyday,medium
802,Shuffling deck of functioning cards,entertainment,low
803,Shutting conveyance door firmly,transportation,low
804,Silent forest with sporadic twig snap,nature,low
805,Silent library alongside timekeeping device pulsing,ambient,low
806,Silent movie theater including piano accompaniment,vintage,medium
807,Silent night forest comprising owl hoots,nature,medium
808,Silent snowfall during city park,weather,low
809,Singing bowl resonating,spiritual,low
810,Single cricket tweeting while night,nature,low
811,Sizzling fajitas on hot plate,cooking,medium
812,Skateboard rolling above pavement,sports,low
813,Ski lift machinery operating,sports,medium
814,Skiing down fresh powder slope,sports,medium
815,Skydiver falling through air,adventure,medium
816,Skywriting airplane overhead,transportation,medium
817,Sleepy cat purring by fireplace,animals,medium
818,Sleigh bells jingling against horse-drawn sleigh,holiday,medium
819,Sliding glass door opening also closing,everyday,low
820,Slot gadget spinning and paying out,entertainment,medium
821,Slow marking time grandfather chronometer,vintage,low
822,Leisurely water drip amid still cave,nature,low
823,Small airplane propeller starting,transportation,medium
824,Small boat motor puttering,nautical,medium
825,Small creek with water over rubble,nature,medium
826,Small fountain in garden,ambient,low
827,Small run babbling over crags,nature,medium
828,Small town parade accompanied by marching band,cultural,high
829,Small surf lapping in the course of lake shore,nature,medium
830,Smartphone notification sounds,technology,low
831,Smoke detector battery warning beep,everyday,low
832,Snapping twigs while strolling during forest,nature,low
833,Sneakers squeaking atop basketball court,sports,medium
834,Snoring person in deep sleep,human,low
835,Snow blower clearing driveway,weather,medium
836,Snow falling from shelter in large chunk,weather,medium
837,Snow plow clearing street at night,urban,medium
838,Snow shovel scraping sidewalk,weather,low
839,Soccer ball being kicked amid game,sports,medium
840,Soccer match featuring referee whistle,sports,high
841,Soda fizzing within glass together with ice,everyday,low
842,Soft air current via autumn leaves,nature,low
843,Sonar pings throughout submarine,transportation,medium
844,Sorting coins into metal container,everyday,low
845,Space shuttle launch sequence,sci-fi,high
846,Spaceship motor room ambience,sci-fi,medium
847,Sparkling wine cork popping,celebration,low
848,Sparks from welder's torch,industrial,medium
849,Speaking across walkie talkie featuring static,communication,medium
850,Splashing inside puddles including boots,weather,low
851,Splashing water during bathtub,everyday,medium
852,Splitting firewood including axe,rural,medium
853,Sports arena alongside cheering congregation,sports,high
854,Sports conveyance driving force revving,transportation,medium
855,Spring peeper frogs chorus,nature,medium
856,Squeaky door hinge opening slowly,ambient,low
857,Squeaky floorboard amidst antique house,ambient,low
858,Squeaky toy being repeatedly pressed,everyday,low
859,Squirrels chattering amid trees,animals,low
860,Stadium horde doing the wave,sports,high
861,Stadium throng singing team song,sports,high
862,Stage curtain rising including mechanical sound,entertainment,medium
863,Stampeding cattle herd,animals,high
864,Starting automobile motor upon cold morning,transportation,medium
865,Starting lawn mower driving force,everyday,medium
866,Steam engine transit vehicle departing station,transportation,high
867,Steam escaping pressure cooker valve,cooking,medium
868,Steam hissing from old radiator,vintage,medium
869,Steam locomotive chugging along tracks,transportation,high
870,Steam rising from hot springs,nature,medium
871,Steam train whistle inside distance,transportation,medium
872,Steaming kettle beginning to whistle,everyday,medium
873,Steel drums working Caribbean music,music,medium
874,Steel factory including molten metal pouring,industrial,high
875,Stethoscope hearing steady cardiac rhythm,medical,low
876,Stock trading place trading floor shouting,workplace,high
877,Stone skipping across calm lake,nature,low
878,Storm featuring powerful rain coupled with thunder,weather,high
879,Storyteller by fire pit accompanied by sparking,social,medium
880,Street busker playing accordion,music,medium
881,Thoroughfare cafe with far-off conversations,social,medium
882,Avenue construction featuring jackhammer,urban,high
883,Route market comprising vendors calling,social,high
884,Boulevard musician operating violin,music,medium
885,Road performer tap dancing,entertainment,medium
886,Avenue protest accompanied by chanting mass,social,high
887,Route sweeper cleaning early morning roads,urban,medium
888,String quartet frolicking classical music,music,medium
889,Public transport announcement over speakers,transportation,medium
890,Subway station featuring approaching train,transportation,high
891,Metro express passing across station,transportation,high
892,Summer afternoon deluge approaching,weather,medium
893,Summer carnival comprising rides alongside games,entertainment,high
894,Summer insects murmuring in field,nature,medium
895,Summer night with crickets alongside frogs,nature,medium
896,Summer rainstorm with distant thunder,weather,medium
897,Sunday church bells across town,spiritual,medium
898,Sunset beach plus tranquil whitecaps,nature,medium
899,Supermarket checkout accompanied by scanner beeps,everyday,medium
900,Swimming underwater with bubbles,sports,medium
901,Swimming pool with children running,social,medium
902,Swing squeaking in play space,nostalgic,low
903,Swinging door during western saloon,historical,low
904,Symphony orchestra working classical piece,music,high
905,Table tennis match including ball hits,sports,medium
906,Taking photographs with film camera,vintage,low
907,Tap dancer atop wooden stage,entertainment,medium
908,Tap water sprinting into sink,everyday,low
909,Tape measure extending and retracting,tools,low
910,Tea kettle starting to whistle,everyday,low
911,Tea party comprising cups clinking,social,medium
912,Tearing open package or envelope,everyday,low
913,Tearing wrapping paper excitedly,celebration,low
914,Telephone tolling during empty headquarters,ambient,low
915,Television static noise,technology,low
916,Tennis ball machine firing balls,sports,medium
917,Tennis match comprising grunts and ball hits,sports,medium
918,Theremin playing eerie melody,electronic,medium
919,Beating analog timer among silent room,ambient,low
920,Tocking bomb during suspense scene,action,medium
921,Tidal billows smashing on rocky shore,nature,high
922,Tiger growling during jungle,animals,medium
923,Timber being cut at sawmill,industrial,high
924,Time timepiece punching for work shift,workplace,low
925,Tinkling draft chimes on porch,ambient,low
926,Tiny music box operating lullaby,vintage,low
927,Tires screeching in the midst of emergency stop,transportation,medium
928,Toaster popping up toast,everyday,low
929,Toilet flushing amid quiet bathroom,everyday,low
930,Toll booth comprising cars stopping,transportation,medium
931,Tools being dropped en route to metal toolbox,everyday,medium
932,Railway crossing railroad tracks,transportation,high
933,Train horn throughout distance at night,transportation,medium
934,Transit vehicle passing through rural crossing,transportation,high
935,Railway station announcement over speakers,transportation,medium
936,Train whistle echoing amid valley,transportation,medium
937,Tram bell tolling inside metropolitan area boulevard,transportation,medium
938,Transmission radio static together with voice,communication,medium
939,Tree branches scraping window inside wind,eerie,medium
940,Tree falling during forest including crash,nature,high
941,Tree frogs chorus later than rain,nature,medium
942,Tribal drum circle performance,cultural,medium
943,Tropical bird calls in jungle,nature,medium
944,Tropical rainstorm over palm leaf cover,weather,medium
945,Truck backing up together with warning beep,transportation,medium
946,Trumpet frolicking reveille during dawn,military,medium
947,Tumbling clothes in dryer,everyday,medium
948,Turning pages of newspaper,everyday,low
949,TV game show together with multitude reactions,entertainment,medium
950,Typewriter plus end-of-line bell,vintage,medium
951,Typing across digital system keyboard,technology,low
952,Typing across ancient mechanical typewriter,vintage,medium
953,Underwater bubbles from scuba gear,adventure,medium
954,Underwater sounds comprising whale song,nature,medium
955,University lecture hall before class,social,medium
956,Urban avenue corner comprising automobiles,urban,high
957,Vacuum cleaner running covering carpet,everyday,medium
958,Velcro fastener being pulled apart,everyday,low
959,Venetian gondolier singing against canal,cultural,medium
960,Video arcade featuring game sounds,entertainment,high
961,Video game victory fanfare,entertainment,medium
962,Village blacksmith hammering metal,historical,medium
963,Village church bells against Sunday,spiritual,medium
964,Vinyl record being placed over turntable,vintage,low
965,Vinyl record crackling in advance of music,vintage,low
966,Violin being tuned in front of concert,music,low
967,Violin string breaking throughout play,music,low
968,Virtual reality game alongside spatial audio,technology,high
969,Volcano rumbling prior to eruption,nature,high
970,Wading amidst shallow stream,nature,low
971,Strolling across wooden bridge,adventure,low
972,Ambulating amidst intense snow accompanied by crunching steps,weather,low
973,Strolling over autumn leaf cover,nature,low
974,Stepping over unstable wooden floor,ambient,low
975,Marching on gravel path within garden,ambient,low
976,Treading throughout corn field comprising rustling stalks,rural,medium
977,Walking by way of strong downpour accompanied by umbrella,weather,medium
978,Stepping through shallow creek,nature,low
979,Strolling through tall grass meadow,nature,low
980,Stepping up unstable wooden staircase,ambient,low
981,Warehouse with forklift operations,industrial,medium
982,Washing dishes amidst kitchen sink,everyday,low
983,Washing apparatus cycle running,everyday,medium
984,Water boiling within pot with lid rattling,cooking,low
985,Water bubbling in fish tank,ambient,low
986,Water dripping inside cave with echoes,nature,medium
987,Water dripping bound for bucket slowly,ambient,low
988,Water droplets falling on hot surface,effects,low
989,Water fountain inside quiet garden,ambient,medium
990,Water lapping against dock pilings,nautical,medium
991,Water pouring from pitcher into glass,everyday,low
992,Water sprinkler against summer lawn,everyday,low
993,Water drop during lush jungle setting,nature,high
994,Waves smashing in the midst of coastal storm,weather,high
995,Wedding ceremony comprising organ music,celebration,medium
996,Whales breaching ocean surface,animals,medium
997,Whispering in empty cathedral,eerie,medium
998,Wind chimes for the duration of tranquil breeze,ambient,low
999,Zephyr howling throughout mountain pass,weather,medium
1000,Wind amid autumn leaves within park,nature,medium